
INSERT INTO `user` (`id`, `username`, `password`, `status`, `created_at`, `updated_at`) VALUES
('2409090d-0dc5-42cd-b5e5-7bd3eb59e342', 'Srisuma', '$argon2id$v=19$m=4096,t=3,p=1$JK6tkfBVlQNqIyCVaB68tg$LTnoN0ExatQ9PKnUZgomrnMy4KHSzO1TwDoQEswB/OA', 'personnel', '2023-08-08 14:20:59', '2023-08-08 14:20:59'),
('2ed9296e-7721-4814-aae7-3b109fe65101', 'Premwadee', '$argon2id$v=19$m=4096,t=3,p=1$cLPJpcE0a71hGBhauPDQEA$FJVDCVhss0ic3TqqmewelslyLW6OiFNqYX4ihaoCtPA', 'personnel', '2023-08-08 14:11:06', '2023-08-08 14:11:06'),
('2ff0bed1-16ae-4bc0-b7e1-4825fb4e6fe9', 'kudruakhampittayakharn', '$argon2id$v=19$m=4096,t=3,p=1$LEM8oxNKb2Is9nSjPeuJdQ$6AWIc/m3vM3ZrpG0nDlG3r3gHmvqTibVmu1UEyXGtnQ', 'user', '2023-08-06 14:09:39', '2023-08-06 14:09:39'),
('42b46c95-4635-4d90-a8d0-9c09fa64edbc', 'dongmafai', '$argon2id$v=19$m=4096,t=3,p=1$SdpLB6Ryuj4jLO6IRZeHcQ$YeILg866MPTMnLlNUHntd50qZb1ozvHowm1ENIqFA94', 'user', '2023-08-06 14:11:00', '2023-08-06 14:11:00'),
('455c40dc-e55a-4b67-b888-ecad3ab33a76', 'nongluangsuksa', '$argon2id$v=19$m=4096,t=3,p=1$LFM8AxzdX76CvHT3xXF2zw$kBbzuOMWuWZt+6Qjx+s/3DNQwDkKYK5a6VL2MdElC7o', 'user', '2023-08-08 14:31:54', '2023-08-08 14:31:54'),
('461450f6-940b-4388-ac8b-3533085cf0d9', 'charoensinsuksaphokhammemorial', '$argon2id$v=19$m=4096,t=3,p=1$4ih0PMY+s7uexnArGew6Iw$D0ard/CAse6cOG5jgOwTMnYcNnAR2mCoqI0mcKuqZqU', 'user', '2023-08-06 14:10:37', '2023-08-06 14:10:37'),
('4e769675-2e4c-4bf3-bebb-397852dad24c', 'khamphoempittaya', '$argon2id$v=19$m=4096,t=3,p=1$Z8wK7O4wSl+nEp7bL0wgAA$/iKr6h2OxFvoZjmxwwCX57hePIJu5key07vImLiUhyc', 'user', '2023-08-06 14:10:15', '2023-08-06 14:10:15'),
('58a33484-ac54-4153-9605-393e55261b18', 'Ratchadaphon', '$argon2id$v=19$m=4096,t=3,p=1$96ZKYrIJURynWSVXU+skLQ$MpNGa9JPQBi/5rm2kDMNglX8Kq+K1l6FDlmfLJjBMvs', 'personnel', '2023-08-08 14:16:13', '2023-08-08 14:16:13'),
('5d36ec67-017e-4f55-854c-863deac7afce', 'Panat', '$argon2id$v=19$m=4096,t=3,p=1$5dSBGZsGM+gBYFfpUscTwg$XQK+88zbbP8CQpdMKrgdsHB55BDSUlnWABpbvZxIN8k', 'personnel', '2023-08-08 14:13:09', '2023-08-08 14:13:09'),
('5f174f8d-da6c-4f59-9703-05e9f13f5511', 'akatumnuaysuksa', '$argon2id$v=19$m=4096,t=3,p=1$EN1Cv7sKP6SUz8nq7yGpfw$j883NMHlUb8z8Q07vakOoecYUo8KpgMl/3GvvaIWvT0', 'user', '2023-08-08 14:27:12', '2023-08-08 14:27:12'),
('6ba66852-5e10-4891-b346-d2b67be5b2d7', 'kutbakpattanasuksa', '$argon2id$v=19$m=4096,t=3,p=1$Dhc51Z0S79MkW0khAHyKKA$v3KjaldXit+MQqWUs3KKFWbV1y/LQz140BCJi5zfXsM', 'user', '2023-08-06 14:09:30', '2023-08-06 14:09:30'),
('778b4d54-e8a3-4fbb-8ba7-b4b348d1a892', 'nongwangwittaya', '$argon2id$v=19$m=4096,t=3,p=1$Hj3faVn5a6PEG7p22zd2zw$dfUyXHFY2YFRJpCBrj/Lad1I/jp7SzoQmsswfQpXGc8', 'user', '2023-08-08 14:29:48', '2023-08-08 14:29:48'),
('7a3dfe72-d0d7-40f3-8563-1d52646fb1a3', 'Wasana', '$argon2id$v=19$m=4096,t=3,p=1$ZzK/5AjD57eleScZtTqZug$0QO3+zGmIJ/voMfUm+ZyQSAgfP7HU0LuKZXopB4dD7c', 'personnel', '2023-08-08 14:20:07', '2023-08-08 14:20:07'),
('85d217a1-921b-4c0d-854a-1cb3083f3e93', 'kusumanwittayakom', '$argon2id$v=19$m=4096,t=3,p=1$kKNH0w3KivzdwDWR98Jt/w$erKRKCSD+rhakKhfLZ1oqvsdETmpJO32BySqh4OSt2w', 'user', '2023-08-06 14:09:50', '2023-08-06 14:09:50'),
('8f480610-7a32-411c-a528-05a6212bf776', 'cpsn50', '$argon2id$v=19$m=4096,t=3,p=1$OlDe+LpuptE0fJdDsH/iiQ$LxS1gEEjr4D675vSIJBmLIyC27wjJULQbSWNeE0MzJ0', 'user', '2023-08-06 14:10:45', '2023-08-06 14:10:45'),
('95e76f3c-9c43-41b2-9c70-bf16f856e5ab', 'Dwngthida', '$argon2id$v=19$m=4096,t=3,p=1$Zbe6vE/THNb7GhjIazj6eA$gWUxsfCUMUGrQ9+AtshK/LoIWNbSYz/nchJbpxVfb6o', 'personnel', '2023-08-06 13:49:01', '2023-08-06 13:49:01'),
('9c7ef535-2c36-4ad2-acbc-2e7e927b80da', 'romklao', '$argon2id$v=19$m=4096,t=3,p=1$wkvo88kvCJhiS6LT550FhA$Bd8/KohtexohH2Ig+NXpEw9NtltJ8pbl9UjqI99UKM4', 'user', '2023-08-09 07:41:20', '2023-08-09 07:41:20'),
('a31b87b7-72fc-4552-9e4a-69a80777f81f', 'Suparat', '$argon2id$v=19$m=4096,t=3,p=1$ghutZ98zkg4EFAcFnUm46A$mtcbZB4BVDW0FyCTZFILegFkmwa+W6xH/TxVyTZ8q94', 'personnel', '2023-08-08 14:21:40', '2023-08-08 14:21:40'),
('a4c3332d-6791-4e3f-8c11-82df405c6cac', 'Tipayadakorn', '$argon2id$v=19$m=4096,t=3,p=1$39ASwQSfB1PeJtAOt2jXPw$/asoEWo5HH2W1V8usdJevo2SNghvWmmeaA12HVkyyCc', 'personnel', '2023-08-06 13:49:15', '2023-08-06 13:49:15'),
('a56b5b67-9a63-43dc-a316-fc04a83cf965', 'Phiburn', '$argon2id$v=19$m=4096,t=3,p=1$DWeqFitJVvq1SzjW5YEI9g$yfTEhvTeeWbHpcCHwoTCYSWOK+/B8Jyuzf3ouwKMk44', 'personnel', '2023-08-08 14:14:13', '2023-08-08 14:14:13'),
('aa9abc76-b244-4d87-8663-6619bde31f11', ' khoksiwittayasan', '$argon2id$v=19$m=4096,t=3,p=1$XlanDjk13Pa/+u0olfXDfQ$h3O9s4H/iOtXNgPwiQxp23vVrnUJZoYctVy6Pq/fH3s', 'user', '2023-08-06 14:10:27', '2023-08-06 14:10:27'),
('af580a91-3880-434e-8c55-39cd73448ab7', 'Warapa', '$argon2id$v=19$m=4096,t=3,p=1$/pCqbvKiXfH7kwjayNyPOg$b4bX4KG9G6v/9KhqWU9M6d9NsYzvXqo+9etvxqrEz6w', 'personnel', '2023-08-08 14:18:56', '2023-08-08 14:18:56'),
('b277c45f-fb22-4db5-b5b4-dca59e0dd883', 'Weerasuk', '$argon2id$v=19$m=4096,t=3,p=1$QCutu9mgak9nFS37kiAkUw$GvmEq8+tWTZKNJwEG1UE/Bx0mltYrENumSYxMH/6Cik', 'personnel', '2023-08-06 13:48:07', '2023-08-06 13:48:07'),
('c40abf21-7a6f-4db9-90ec-d321a48a40d3', 'Puncharasmee', '$argon2id$v=19$m=4096,t=3,p=1$ga1qMvzXimPcuJAzXlUEOw$ZbOiKYQ9lnvMw4LwoGbjXISMmJePKh8jqH5hOifn5kk', 'personnel', '2023-08-08 14:09:07', '2023-08-08 14:09:07'),
('cd0cc171-671e-46f5-834b-7b27f9647d6b', 'chanming', '$argon2id$v=19$m=4096,t=3,p=1$jhBcFUmoLFhqfqUfN5ENXQ$ZCqHNQq39IB2vyHSh2hCAvstN3Qvrqtlvbcc4RKC6aA', 'user', '2023-08-06 14:10:53', '2023-08-06 14:10:53'),
('d0436d6f-4855-4d38-9280-7a0f95425a9f', 'Baphey', '$argon2id$v=19$m=4096,t=3,p=1$tJDUjXcw0IPM46RjPqL08w$mGVF5F7TQRiUu0OtTaVbnS39KKxEu194oS6JyMVdbQw', 'personnel', '2023-08-06 13:49:28', '2023-08-06 13:49:28'),
('d40ef321-3163-46a4-a2ba-81f0a04322d3', 'admin', '$argon2id$v=19$m=4096,t=3,p=1$VSM3qzuiPjmkpq8k7+RY6w$u57RQA8kFLILYMzvS10Yqhz/eVVk2rxLua/NsR1opOU', 'admin', '2023-08-06 14:46:53', '2023-08-06 14:47:07'),
('def37f9c-e8b3-44a3-85c8-21c7fa9054ca', 'songdaowittayakhom', '$argon2id$v=19$m=4096,t=3,p=1$9EqZZuLCd77y3w42WmBmDA$iENhe6plYgJU6ft3HHKZoakZmmJLy3rLciq2Czuxato', 'user', '2023-08-08 14:33:56', '2023-08-08 14:33:56'),
('e09fd4bf-08f1-42f1-a654-918190fe9965', 'khamtaklarachaprachasongkhor', '$argon2id$v=19$m=4096,t=3,p=1$tkhqiBPs1ufvl97MLJuxuQ$nXTEiNyQmzXa58QX4vF/3pclxj2YdokH9IFO9ysh/Mk', 'user', '2023-08-06 14:10:03', '2023-08-06 14:10:03'),
('e16263e9-cd10-4bd8-b040-ff550a0d1bd1', 'd1', '$argon2i$v=19$m=4096,t=3,p=1$H77olU6cZuWtmYQNSasGhA$eY/vu83yVeC81Fps/qHPrIXUNSZ9gQpN+ouRekg0QTk', 'director', '2023-08-06 06:31:38', '2023-08-06 06:31:38'),
('e3abad7c-39d4-421c-8935-dbb4efff50ba', 'Pongsawat', '$argon2id$v=19$m=4096,t=3,p=1$U3Wq1K03nJAf0O9DXnCeZQ$M6jEpTbPe4WLeyywe5WAyxM3A5FVIigbDYTGKCFrjsM', 'personnel', '2023-08-08 14:12:09', '2023-08-08 14:12:09'),
('e8619ff7-b3b5-4256-8be4-390ba7e30d3e', 'sawangdaendin', '$argon2id$v=19$m=4096,t=3,p=1$XYSeWta5t2vIzuMsudZ5QQ$OD+eKCQr4O/LUQM1qojl1UAv4bGE7G+GZwGg1u9J5+U', 'user', '2023-08-08 14:35:15', '2023-08-08 14:35:15');

INSERT INTO `news` (`id`, `name`, `description`, `editor`, `content`, `cover`, `image_list`, `created_at`, `updated_at`) VALUES
('1dbee646-7534-47ef-bf89-a941c5cde33b', 'ประชุมชี้แจงการติดตาม ประเมินผลการบริหารและการจัดการศึกษาขั้นพื้นฐาน ของสพฐ. ประจำปีงบประมาณ พ.ศ. 2566', 'วันพุธที่ 5 กรกฎาคม 2566 เวลา 10.00 น. นายมงคลชัย รัตนอ่อน ผู้อำนวยการสำนักงานเขตพื้นที่การศึกษามัธยมศึกษาสกลนคร เป็นประธานการประชุมชี้แจงการติดตาม ปร', 'admin', 'วันพุธที่ 5 กรกฎาคม 2566 เวลา 10.00 น. นายมงคลชัย รัตนอ่อน ผู้อำนวยการสำนักงานเขตพื้นที่การศึกษามัธยมศึกษาสกลนคร เป็นประธานการประชุมชี้แจงการติดตาม ประเมินผลการบริหารและการจัดการศึกษาขั้นพื้นฐาน ของสพฐ. ประจำปีงบประมาณ พ.ศ. 2566 พร้อมด้วย นายชลาวุธ สามาอาพัฒน์ รองผู้อำนวยการสำนักงานเขตพื้นที่การศึกษามัธยมศึกษาสกลนคร นายบุญธรรม อ้วนกันยา รองผู้อำนวยการสำนักงานเขตพื้นที่การศึกษามัธยมศึกษาสกลนคร ผู้อำนวยการกลุ่ม/หน่วย บุคลากรที่เกี่ยวข้อง ณ ห้องประชุมภูมิพลังแผ่นดิน สำนักงานเขตพื้นที่การศึกษามัธยมศึกษาสกลนคร จึงเรียนมาเพื่อโปรดทราบ', 'n-1691330699464-S__10641505-1024x769.jpg', 'n-1691330699464-S__10641509-1024x769.jpg;n-1691330699465-S__10641512-1024x769.jpg;n-1691330699465-S__10641515-1024x769.jpg;n-1691330699465-S__10641521-1024x769.jpg;n-1691330699466-S__10641523-1024x769.jpg', '2023-08-06 14:04:59', '2023-08-06 14:04:59'),
('2136f8b0-3a8b-4c3f-880f-98e09e4cc656', 'นิเทศ ติดตามคุณภาพการศึกษาโรงเรียนคุณภาพเพื่อทราบความก้าวหน้าในการพัฒนาคุณภาพการศึกษา', 'วันจันทร์ที่ ๑๐ กรกฎาคม ๒๕๖๖ เวลา ๐๙.๐๐ น. นายมงคลชัย รัตนอ่อน ผู้อำนวยการสำนักงานเขตพื้นที่การศึกษามัธยมศึกษาสกลนคร มอบหมายให้', 'admin', 'วันจันทร์ที่ ๑๐ กรกฎาคม ๒๕๖๖ เวลา ๐๙.๐๐ น. นายมงคลชัย รัตนอ่อน ผู้อำนวยการสำนักงานเขตพื้นที่การศึกษามัธยมศึกษาสกลนคร มอบหมายให้ นายวิชาญ เกษเพชร รองผู้อำนวยการสำนักงานเขตพื้นที่การศึกษามัธยมศึกษาสกลนคร พร้อมด้วยคณะกรรมการดำเนินงานการขับเคลื่อนโรงเรียนคุณภาพและคณะศึกษานิเทศก์ สพม.สกลนคร และ ออกนิเทศ ติดตามคุณภาพการศึกษาโรงเรียนคุณภาพเพื่อทราบความก้าวหน้าในการพัฒนาคุณภาพการศึกษา ณ โรงเรียนสกลนครพัฒนศึกษา', 'n-1691330581956-435836.jpg', 'n-1691330581958-435834.jpg;n-1691330581959-435839-768x1127.jpg;n-1691330581959-435840.jpg;n-1691330581960-435841.jpg', '2023-08-06 14:03:01', '2023-08-06 14:03:01'),
('214c130f-e62c-4ffd-9744-34ba102ae0f6', 'การอบรมเชิงปฏิบัติการพัฒนาบุคลากรระบบเครือข่ายคอมพิวเตอร์ ครูและนักเรียน ของโรงเรียนในสังกัด สำนักงานเขตพื้นที่การศึกษามัธยมศึกษาสกลนคร', 'วันที่ ๒๒ กรกฎาคม ๒๕๖๖ เวลา ๐๘.๓๐ -๑๖.๓๐ น. นายมงคลชัย รัตนอ่อน ผู้อำนวยการสำนักงานเขตพื้นที่ การศึกษามัธยมศึกษาสกลนคร มอบหมายให้ นายชลาวุธ สามาอาพัฒน', 'admin', 'วันที่ ๒๒ กรกฎาคม ๒๕๖๖ เวลา ๐๘.๓๐ -๑๖.๓๐ น. นายมงคลชัย รัตนอ่อน ผู้อำนวยการสำนักงานเขตพื้นที่ การศึกษามัธยมศึกษาสกลนคร มอบหมายให้ นายชลาวุธ สามาอาพัฒน์ รองผู้อำนวยการสำนักงานเขตพื้นที่การศึกษามัธยมศึกษาสกลนคร เป็นประธานการอบรมเชิงปฏิบัติการพัฒนาบุคลากรระบบเครือข่ายคอมพิวเตอร์ ครูและนักเรียน ของโรงเรียนในสังกัด สำนักงานเขตพื้นที่การศึกษามัธยมศึกษาสกลนคร เพื่อการป้องกัน รับมือ ลดความเสี่ยง จากภัยคุกคามทางไซเบอร์ และภัย 9 ประเภท ณ หอประชุมโรงเรียนสกลราชวิทยานุกูล', 'n-1691330746896-LINE_ALBUM_ESPORTS_à¹à¹à¹à¹à¹à¹_38-1024x768.jpg', 'n-1691330746896-LINE_ALBUM_ESPORTS_à¹à¹à¹à¹à¹à¹_2-1024x1024.jpg;n-1691330746897-LINE_ALBUM_ESPORTS_à¹à¹à¹à¹à¹à¹_5-1024x768.jpg;n-1691330746898-LINE_ALBUM_ESPORTS_à¹à¹à¹à¹à¹à¹_18-1024x768.jpg;n-1691330746898-LINE_ALBUM_ESPORTS_à¹à¹à¹à¹à¹à¹_32.jpg', '2023-08-06 14:05:46', '2023-08-06 14:05:46'),
('4265bf2b-6bf0-4449-ab07-031be682df4e', 'สพม.สกลนคร ลงพื้นที่ นิเทศ ติดตามการดำเนินงาน ของโรงเรียนในโครงการพัฒนาเด็กและเยาวชนในถิ่นทุรกันดารฯ (ก.พ.ด.) ณ โรงเรียนโพธิแสนวิทยา', 'วันพุธที่ ๕ กรกฎาคม ๒๕๖๖ เวลา ๐๙.๐๐ น. นายมงคลชัย รัตนอ่อน ผู้อำนวยการสำนักงานเขตพื้นที่การศึกษามัธยมศึกษาสกลนคร มอบหมายให้ นายวิชาญ เกษเพชร', 'admin', 'วันพุธที่ ๕ กรกฎาคม ๒๕๖๖ เวลา ๐๙.๐๐ น. นายมงคลชัย รัตนอ่อน ผู้อำนวยการสำนักงานเขตพื้นที่การศึกษามัธยมศึกษาสกลนคร มอบหมายให้ นายวิชาญ เกษเพชร รองผู้อำนวยการสำนักงานเขตพื้นที่การศึกษามัธยมศึกษาสกลนคร พร้อมด้วยคณะศึกษานิเทศก์ ออกนิเทศ ติดตามการดำเนินงาน ของโรงเรียนในโครงการพัฒนาเด็กและเยาวชนในถิ่นทุรกันดารฯ (ก.พ.ด.) ณ โรงเรียนโพธิแสนวิทยา จังหวัดสกลนคร', 'n-1691330617816-S__5128242_0.jpg', 'n-1691330617824-989666-1536x1152.jpg;n-1691330617825-989702-1536x1152.jpg;n-1691330617826-989894-1536x1152.jpg;n-1691330617827-989898-1536x1152.jpg', '2023-08-06 14:03:37', '2023-08-06 14:03:37'),
('a2725afa-c986-4a09-824e-b3d677372a99', 'สพม.สกลนคร ลงพื้นที่ นิเทศ ติดตามการดำเนินงาน ของโรงเรียนในโครงการพัฒนาเด็กและเยาวชนในถิ่นทุรกันดารฯ (ก.พ.ด.) ณ โรงเรียนบ้านม่วงพิทยาคม จังหวัดสกลนคร', 'วันพฤหัสบดีที่ ๖ กรกฎาคม ๒๕๖๖ เวลา ๐๙.๐๐ น. นายมงคลชัย รัตนอ่อน ผู้อำนวยการสำนักงานเขตพื้นที่การศึกษามัธยมศึกษาสกลนคร มอบหมายให้ นายวิชาญ เกษเพชร', 'admin', 'วันพฤหัสบดีที่ ๖ กรกฎาคม ๒๕๖๖ เวลา ๐๙.๐๐ น. นายมงคลชัย รัตนอ่อน ผู้อำนวยการสำนักงานเขตพื้นที่การศึกษามัธยมศึกษาสกลนคร มอบหมายให้ นายวิชาญ เกษเพชร รองผู้อำนวยการสำนักงานเขตพื้นที่การศึกษามัธยมศึกษาสกลนคร พร้อมด้วยคณะศึกษานิเทศก์ ออกนิเทศ ติดตามการดำเนินงาน ของโรงเรียนในโครงการพัฒนาเด็กและเยาวชนในถิ่นทุรกันดารฯ (ก.พ.ด.) ณ โรงเรียนบ้านม่วงพิทยาคม จังหวัดสกลนคร', 'n-1691330660407-991028-1024x768.jpg', 'n-1691330660408-991021-1024x768 (1).jpg;n-1691330660409-991021-1024x768.jpg;n-1691330660410-991028-1024x768.jpg', '2023-08-06 14:04:20', '2023-08-06 14:04:20'),
('b4a59c8e-fbf1-47c0-b7ca-00078aba33e4', 'การประชุมคณะกรรมการการแข่งขันกีฬาอีสปอร์ตระดับการศึกษาขั้นพื้นฐานของโรงเรียนในสังกัด สำนักงานเขตพื้นที่การศึกษามัธยมศึกษาสกลนคร', 'วันที่ ๒๗ กรกฎาคม ๒๕๖๖ เวลา ๐๙.๐๐ น. นายมงคลชัย รัตนอ่อน ผู้อำนวยการสำนักงานเขตพื้นที่การศึกษามัธยมศึกษาสกลนคร มอบหมายให้ นายชลาวุธ สามาอาพัฒน์ รองผู้', 'admin', 'วันที่ ๒๗ กรกฎาคม ๒๕๖๖ เวลา ๐๙.๐๐ น. นายมงคลชัย รัตนอ่อน ผู้อำนวยการสำนักงานเขตพื้นที่การศึกษามัธยมศึกษาสกลนคร มอบหมายให้ นายชลาวุธ สามาอาพัฒน์ รองผู้อำนวยการสำนักงานเขตพื้นที่การศึกษามัธยมศึกษาสกลนคร เป็นประธานการประชุมคณะกรรมการการแข่งขันกีฬาอีสปอร์ตระดับการศึกษาขั้นพื้นฐาน พร้อมด้วย คณะกรรมการ ณ ห้องประชุมภูมิพลังแผ่นดิน สำนักงานเขตพื้นที่การศึกษามัธยมศึกษาสกลนคร', 'n-1691330817167-S__11943944-1024x683.jpg', 'n-1691330817168-213373-768x1024.jpg;n-1691330817168-IMG_7211-1024x683.jpg;n-1691330817169-IMG_7242-1024x683.jpg;n-1691330817170-S__11943945-1024x683.jpg;n-1691330817170-S__11943963-1024x683.jpg', '2023-08-06 14:06:57', '2023-08-06 14:06:57'),
('f0294376-e64d-4266-964b-94016491eab4', 'สพม.สกลนคร ประชุมเชิงปฏิบัติการจัดทำแนวทางการดำเนินงานอีสปอร์ต(ESPORTS) ต่อยอดนวัตกรรมทางการศึกษา', 'วันที่ ๑๘ – ๒๓ กรกฎาคม ๒๕๖๖ เวลา ๐๘.๓๐ -๑๖.๓๐ น. นายมงคลชัย รัตนอ่อน ผู้อำนวยการสำนักงานเขตพื้นที่การศึกษามัธยมศึกษาสกลนคร มอบหมายให้ นายชลาวุธ สามาอา', 'admin', 'วันที่ ๑๘ – ๒๓ กรกฎาคม ๒๕๖๖ เวลา ๐๘.๓๐ -๑๖.๓๐ น. นายมงคลชัย รัตนอ่อน ผู้อำนวยการสำนักงานเขตพื้นที่การศึกษามัธยมศึกษาสกลนคร มอบหมายให้ นายชลาวุธ สามาอาพัฒน์ รองผู้อำนวยการสำนักงานเขตพื้นที่การศึกษามัธยมศึกษาสกลนคร เป็นประธานกรรมการคณะกรรมการฝ่ายจัดทำแนวทางการดำเนินงานอีสปอร์ตฯ ณ โรงแรมบ้านไทยบูทีค กรุงเทพมหานคร พร้อมด้วยคณะครูในสังกัด', 'n-1691567052332-LINE_ALBUM_ESPORTS_à¹à¹à¹à¹à¹à¹_38-1024x768.jpg', 'n-1691567052333-LINE_ALBUM_ESPORTS_à¹à¹à¹à¹à¹à¹_2-1024x1024.jpg;n-1691567052335-LINE_ALBUM_ESPORTS_à¹à¹à¹à¹à¹à¹_5-1024x768.jpg;n-1691567052337-LINE_ALBUM_ESPORTS_à¹à¹à¹à¹à¹à¹_18-1024x768.jpg', '2023-08-09 07:44:12', '2023-08-09 07:44:12');


INSERT INTO `supervision_form_type` (`id`, `type`, `name`, `form_type`, `created_at`, `updated_at`) VALUES
('e22263e9-cd10-4bd8-b040-ff550a0d1ba1', 'POS_1', 'แบบฟอร์ม รายการนิเทศติดตาม การเตรียมความพร้อมการเปิดภาคเรียน', 'RATING_SCALE', '2023-08-06 06:31:38', '2023-08-06 06:31:38'),
('e22263e9-cd10-4bd8-b040-ff550a0d1ba2', 'POS_2', 'แบบฟอร์ม รายการนิเทศติดตาม การดำเนินงานตามนโยบายของหน่วยงานต้นสังกัด', 'RATING_SCALE', '2023-08-06 06:31:38', '2023-08-06 06:31:38');


INSERT INTO `supervision_form` (`id`, `name`, `detail`, `suggestion`, `supervision_form_type_id`, `created_at`, `updated_at`) VALUES
('e31263e9-cd10-4bd8-b040-ff550a0d1ba1', 'แบบฟอร์ม รายการนิเทศติดตาม การเตรียมความพร้อมการเปิดภาคเรียน', '-', '-', 'e22263e9-cd10-4bd8-b040-ff550a0d1ba1', '2023-08-06 06:31:38', '2023-08-06 06:31:38'),
('e31263e9-cd10-4bd8-b040-ff550a0d1ba2', 'รายการนิเทศ ติดตาม การดำเนินงานตามนโยบายของหน่วยงานต้นสังกัด', '-', '-', 'e22263e9-cd10-4bd8-b040-ff550a0d1ba2', '2023-08-06 06:31:38', '2023-08-06 06:31:38');



INSERT INTO `personnel` (`id`, `id_personnel`, `name`, `lastname`, `position`, `group`, `email`, `address`, `tel`, `image`, `user_id`, `created_at`, `updated_at`) VALUES
('00dcbf6e-a87c-4628-9a2e-0089e1beed39', '1470000000000', 'พนัส', 'ทองปาน', 'ศึกษานิเทศก์ชำนาญการพิเศษ', 'กลุ่มงานนิเทศ ติดตามและประเมินผลระบบบริหารและการจัดการศึกษา', 'Panat@gmail.com', ' หมู่ที่  10  บ้านชุมชนดงพัฒนา ตำบลธาตุเชิงชุม อำเภอเมืองสกลนคร จังหวัดสกลนคร 47000', '0980000000', '1691505638300-à¸à¸à¸±à¸ª.jpg', '5d36ec67-017e-4f55-854c-863deac7afce', '2023-08-08 14:13:09', '2023-08-08 14:40:40'),
('05ddd761-6084-497c-841c-5e7b98dafd95', '1470000000000', 'ทดสอบ', 'ทดสอบ', 'เจ้าพนักงานธุรการปฏิบัติงาน', 'งานธุรการ', 'admin@gmail.com', 'หมู่ที่  6  บ้านบ้านน้ำพุงสามัคคี ตำบลเต่างอย อำเภอเต่างอย จังหวัดสกลนคร 47260', '0900000000', NULL, 'd40ef321-3163-46a4-a2ba-81f0a04322d3', '2023-08-06 14:46:53', '2023-08-07 02:16:09'),
('18140938-0aaf-4b79-87d0-50781132c002', '1470000000000', 'สุรพร', 'พงษ์สุวรรณ', 'ผู้อำนวยการกลุ่มนิเทศ ติดตามและประเมินผลการจัดการศึกษา', 'กลุ่มงานนิเทศ ติดตามและประเมินผลระบบบริหารและการจัดการศึกษา', 'Suraporn@gmail.com', '271 หมู่ 2 ถนนไอทียู  ตำบลธาตุเชิงชุม  อำเภอเมือง จังหวัดสกลนคร รหัสไปรษณีย์ 47000', '0927382712', '1691332635644-à¸ªà¸¸à¸£à¸à¸£.jpg', 'e16263e9-cd10-4bd8-b040-ff550a0d1bd1', '2023-08-06 06:31:38', '2023-08-06 14:37:16'),
('542bca4e-00d4-4e84-a676-7d6c87bf73be', '1479900000000', 'ศรีสุมา', 'จันทร์พรม', 'ศึกษานิเทศก์ชำนาญการพิเศษ', 'กลุ่มงานนิเทศ ติดตามและประเมินผลระบบบริหารและการจัดการศึกษา', 'Srisuma@gmail.com', ' หมู่ที่  10  บ้านชุมชนดงพัฒนา ตำบลธาตุเชิงชุม อำเภอเมืองสกลนคร จังหวัดสกลนคร 47000', '0980000000', '1691505501543-à¸¨à¸£à¸µà¸ªà¸¸à¸¡à¸².jpg', '2409090d-0dc5-42cd-b5e5-7bd3eb59e342', '2023-08-08 14:20:59', '2023-08-08 14:38:23'),
('5ca9b5f7-9cda-4848-886b-8f8592eba096', '1470000000000', 'วีระศักดิ์', 'ชีแพง', 'ชำนาญการ', 'กลุ่มงานนิเทศ ติดตามและประเมินผลระบบบริหารและการจัดการศึกษา', 'Weerasuk@gmail.com', '271 หมู่ 2 ถนนไอทียู  ตำบลธาตุเชิงชุม  อำเภอเมือง จังหวัดสกลนคร รหัสไปรษณีย์ 47000', '0900000000', '1691329931774-à¸§à¸µà¸£à¸°à¸¨à¸±à¸à¸à¸´à¹.jpg', 'b277c45f-fb22-4db5-b5b4-dca59e0dd883', '2023-08-06 13:48:07', '2023-08-06 13:52:14'),
('6fb2026f-f222-43a8-b165-11a3294332ad', '1479900000000', 'สุภารัตน์', 'อัฐประจง', 'ศึกษานิเทศก์ชำนาญการพิเศษ', 'กลุ่มงานส่งเสริมพัฒนาระบบการประกันคุณภาพการศึกษา', 'Suparat@gmail.com', ' หมู่ที่  10  บ้านชุมชนดงพัฒนา ตำบลธาตุเชิงชุม อำเภอเมืองสกลนคร จังหวัดสกลนคร 47000', '0980000000', '1691505463919-à¸ªà¸¸à¸ à¸²à¸£à¸±à¸à¸à¹.jpg', 'a31b87b7-72fc-4552-9e4a-69a80777f81f', '2023-08-08 14:21:40', '2023-08-08 14:37:46'),
('904b341a-e72e-4efc-92d4-6097679b1386', '1470000000000', 'ปุญชรัสมี', 'ภวิลพีโชบลกุล', 'ศึกษานิเทศก์ชำนาญการพิเศษ', 'กลุ่มงานนิเทศ ติดตามและประเมินผลระบบบริหารและการจัดการศึกษา', 'Puncharasmee@gmail.com', ' หมู่ที่  10  บ้านชุมชนดงพัฒนา ตำบลธาตุเชิงชุม อำเภอเมืองสกลนคร จังหวัดสกลนคร 47000', '0980000000', NULL, 'c40abf21-7a6f-4db9-90ec-d321a48a40d3', '2023-08-08 14:09:07', '2023-08-08 14:09:57'),
('9919d49d-ac54-4fd5-8c90-e8e056c17ef4', '1470000000000', 'พงษ์สวัสดิ์', 'สายกัน', 'ศึกษานิเทศก์ชำนาญการพิเศษ', 'กลุ่มงานส่งเสริมพัฒนาระบบการประกันคุณภาพการศึกษา', 'Pongsawat@gmail.com', ' หมู่ที่  10  บ้านชุมชนดงพัฒนา ตำบลธาตุเชิงชุม อำเภอเมืองสกลนคร จังหวัดสกลนคร 47000', '0980000000', '1691505661259-à¸à¸à¸©à¹à¸ªà¸§à¸±à¸ªà¸ªà¸à¸´à¹.jpg', 'e3abad7c-39d4-421c-8935-dbb4efff50ba', '2023-08-08 14:12:09', '2023-08-08 14:41:02'),
('a700e286-5514-4e79-bd21-8fa316fe2c46', '1470000000000', 'บำเพ็ญ', 'วรบุตร', 'ศึกษานิเทศก์ชำนาญการพิเศษ', 'กลุ่มงานส่งเสริมและพัฒนาสื่อนวัตกรรมและเทคโนโลยีทางการศึกษา', 'Baphey@gmail.com', '271 หมู่ 2 ถนนไอทียู  ตำบลธาตุเชิงชุม  อำเภอเมือง จังหวัดสกลนคร รหัสไปรษณีย์ 47000', '0900000000', '1691330327799-à¸à¸³à¹à¸à¹à¸.jpg', 'd0436d6f-4855-4d38-9280-7a0f95425a9f', '2023-08-06 13:49:29', '2023-08-06 13:58:49'),
('ac95164c-e7a3-43da-bc0f-efb92437e905', '1479900000000', 'วราภา', 'สามาอาพัฒน์', 'ศึกษานิเทศก์เชี่ยวชาญ', 'กลุ่มงานพัฒนาหลักสูตรการศึกษาขั้นพื้นฐานและกระบวนการเรียนรู้', 'Warapa@gmail.com', ' หมู่ที่  10  บ้านชุมชนดงพัฒนา ตำบลธาตุเชิงชุม อำเภอเมืองสกลนคร จังหวัดสกลนคร 47000', '0980000000', '1691505566904-à¸§à¸£à¸²à¸ à¸².jpg', 'af580a91-3880-434e-8c55-39cd73448ab7', '2023-08-08 14:18:56', '2023-08-08 14:39:28'),
('af3c078b-46ea-43da-9084-fa3a440d6668', '1470000000000', 'เปรมวดี', 'จักษุมาตย์', 'ศึกษานิเทศก์ชำนาญการพิเศษ', 'กลุ่มงานวัดและประเมินผลการศึกษา', 'Premwadee@gmail.com', ' หมู่ที่  10  บ้านชุมชนดงพัฒนา ตำบลธาตุเชิงชุม อำเภอเมืองสกลนคร จังหวัดสกลนคร 47000', '0980000000', '1691567665684-à¸à¸³à¹à¸à¹à¸.jpg', '2ed9296e-7721-4814-aae7-3b109fe65101', '2023-08-08 14:11:06', '2023-08-09 07:54:26'),
('b1d8bbb1-32ef-41be-be0d-b0b22c26b9c6', '1479900000000', 'วาสนา', 'ศิริจันทพันธุ์', 'ศึกษานิเทศก์ชำนาญการพิเศษ', 'กลุ่มงานเลขานุการคณะกรรมการติดตาม ตรวจสอบ ประเมินผล และนิเทศการศึกษา', 'Wasana@gmail.com', ' หมู่ที่  10  บ้านชุมชนดงพัฒนา ตำบลธาตุเชิงชุม อำเภอเมืองสกลนคร จังหวัดสกลนคร 47000', '0980000000', '1691505546609-à¸§à¸²à¸ªà¸à¸².jpg', '7a3dfe72-d0d7-40f3-8563-1d52646fb1a3', '2023-08-08 14:20:07', '2023-08-08 14:39:07'),
('b4b54476-39be-41db-b5f7-5bc69d07feb4', '1470000000000', 'ไพบูรณ์', 'เกตวงษา', 'ศึกษานิเทศก์ชำนาญการพิเศษ', 'กลุ่มงานส่งเสริมพัฒนาระบบการประกันคุณภาพการศึกษา', 'Phiburn@gmail.com', ' หมู่ที่  10  บ้านชุมชนดงพัฒนา ตำบลธาตุเชิงชุม อำเภอเมืองสกลนคร จังหวัดสกลนคร 47000', '0986475534', '1691505619159-à¹à¸à¸à¸¹à¸¥à¸¢à¹.jpg', 'a56b5b67-9a63-43dc-a316-fc04a83cf965', '2023-08-08 14:14:13', '2023-08-08 14:40:20'),
('d163a42e-5581-4902-bd4f-9cb06a1fbf65', '1470000000000', 'ดวงธิดา', 'ทุมกิจจะ', 'ศึกษานิเทศก์ชำนาญการพิเศษ', 'กลุ่มงานส่งเสริมและพัฒนาสื่อนวัตกรรมและเทคโนโลยีทางการศึกษา', 'Dwngthida@gmail.com', '271 หมู่ 2 ถนนไอทียู  ตำบลธาตุเชิงชุม  อำเภอเมือง จังหวัดสกลนคร รหัสไปรษณีย์ 47000', '0900000000', '1691330060474-à¸à¸§à¸à¸à¸´à¸à¸².jpg', '95e76f3c-9c43-41b2-9c70-bf16f856e5ab', '2023-08-06 13:49:01', '2023-08-06 13:54:22'),
('dc35ba72-0329-418a-b0fe-0c42da83d73c', '1470000000000', 'ธิปญาดากรณ์', 'บัวพรม', 'เจ้าพนักงานธุรการปฏิบัติงาน', 'งานธุรการ', 'Tipayadakorn@gmail.com', '271 หมู่ 2 ถนนไอทียู  ตำบลธาตุเชิงชุม  อำเภอเมือง จังหวัดสกลนคร รหัสไปรษณีย์ 47000', '0900000000', '1691330186040-à¸à¸´à¸à¸à¸²à¸à¸²à¸à¸£à¸à¹.jpg', 'a4c3332d-6791-4e3f-8c11-82df405c6cac', '2023-08-06 13:49:15', '2023-08-06 13:56:27'),
('e97f7bed-2639-4b0b-bc5e-605880f46328', '1479900000000', 'รัชดาพร', 'สดใส', 'ศึกษานิเทศก์ชำนาญการพิเศษ', 'กลุ่มงานเลขานุการคณะกรรมการติดตาม ตรวจสอบ ประเมินผล และนิเทศการศึกษา', 'Ratchadaphon@gmail.com', ' หมู่ที่  10  บ้านชุมชนดงพัฒนา ตำบลธาตุเชิงชุม อำเภอเมืองสกลนคร จังหวัดสกลนคร 47000', '0980000000', '1691505592320-à¸£à¸±à¸à¸à¸²à¸à¸£.jpg', '58a33484-ac54-4153-9605-393e55261b18', '2023-08-08 14:16:13', '2023-08-08 14:39:53');



INSERT INTO `school` (`id`, `id_school`, `name`, `size`, `district`, `email`, `tel`, `address`, `junior`, `senior`, `director`, `n_teacher`, `n_personnel`, `teaching_style`, `open_class`, `user_id`, `created_at`, `updated_at`) VALUES
('2b1dee0e-506b-406d-9447-048c6a988383', '1047540642', 'โรงเรียนช้างมิ่งพิทยานุกูล', 'กลาง', 'ดำรงธรรม', 'chanming@gmail.com', '042000000', '1 หมู่2 ถนนช้างมิ่ง ต.ช้างมิ่ง อ.พรรณานิคม จ.สกลนคร 47130', '250', '200', 'นายสุนทร สีพันธ์บุญ', '30', '9', 'On Site', '2023-08-10T17:00:00.000Z', 'cd0cc171-671e-46f5-834b-7b27f9647d6b', '2023-08-06 14:10:53', '2023-08-06 14:13:50'),
('5d63f242-7ca0-4967-9b4b-f9fcbbee98e3', '1047540676', 'โรงเรียนคำเพิ่มพิทยา', 'ใหญ่', 'สกลราช', 'khamphoempittaya@gmail.com', '042000000', 'หมู่ที่  6  บ้านคำเพิ่ม ตำบลโคกภู อำเภอภูพาน จังหวัดสกลนคร 47310', '300', '300', 'นางสาวรัชฎาพร ผิวเงิน', '40', '9', 'On Site', '2023-08-09T17:00:00.000Z', '4e769675-2e4c-4bf3-bebb-397852dad24c', '2023-08-06 14:10:15', '2023-08-06 14:15:38'),
('83dc154e-28bd-4022-ae70-000e35ca6099', '1047540627', 'โรงเรียนดงมะไฟวิทยา', 'เล็ก', 'ปัญจวิทย์', 'dongmafai@gmail.com', '042000000', '1175 1175 หมู่ 13 ถนนนิตโย ต าบลขมิ้น อ าเภอเมือง จังหวัดสกลนคร 47220', '200', '150', 'นายสุนทร สีพันธ์บุญ', '30', '8', 'On Site', '2023-08-09T17:00:00.000Z', '42b46c95-4635-4d90-a8d0-9c09fa64edbc', '2023-08-06 14:11:00', '2023-08-06 14:16:54'),
('8758d44e-2b22-4395-9aa4-7db3fccb1689', '1047540661', 'โรงเรียนอากาศอำนวยศึกษา', 'ใหญ่พิเศษ', 'ลุ่มน้ำยาม', 'akatumnuaysuksa@gmail.com', '042000000', '165 หมู่ 17 โรงเรียนอากาศอำนวยศึกษา, ถนนสุราษฏร์รังสรรค์, อำเภออากาศอำนวย จังหวัดสกลนคร 47170', '300', '400', 'นายไพรัตน์ แดนขนบ', '40', '14', 'On Site', '2023-08-09T17:00:00.000Z', '5f174f8d-da6c-4f59-9703-05e9f13f5511', '2023-08-08 14:27:12', '2023-08-08 14:29:17'),
('8dddc00e-4dee-4852-a88f-3d6d9323ec1a', '1047540651', 'โรงเรียนกุดเรือคำพิทยาคาร', 'ใหญ่', 'ลุ่มน้ำสงคราม', 'kudruakhampittayakharn@gmail.com', '042000000', 'หมู่ที่  9  บ้านฮ่องไร่ ตำบลกุดเรือคำ อำเภอวานรนิวาส จังหวัดสกลนคร 47120', '300', '250', 'นายสุริยงค์ ทะแพงพันธ์', '40', '10', 'On Site', '2023-08-09T17:00:00.000Z', '2ff0bed1-16ae-4bc0-b7e1-4825fb4e6fe9', '2023-08-06 14:09:39', '2023-08-06 14:19:40'),
('9e131f25-caeb-4743-bc61-f0bbbbdaa1cb', '1047540633', 'โรงเรียนกุสุมาลย์วิทยาคม', 'ใหญ่', 'ปัญจวิทย์', 'kusumanwittayakom@gmail.com', '042000000', 'หมู่ที่  1  บ้าน- ตำบลกุสุมาลย์ อำเภอกุสุมาลย์ จังหวัดสกลนคร 47210', '300', '250', 'นายเกษมศักดิ์ ทองสุ', '40', '15', 'On Site', '2023-08-09T17:00:00.000Z', '85d217a1-921b-4c0d-854a-1cb3083f3e93', '2023-08-06 14:09:50', '2023-08-06 14:20:50'),
('a474aca4-afe0-46b1-bcb5-de8dde1cbe87', '1047540666', 'โรงเรียนหนองหลวงศึกษา', 'ใหญ่', 'สว่างศึกษา', 'nongluangsuksa@gmail.com', '042000000', '137 หมู่ 1 ต.หนองหลวง อ.สว่างแดนดิน จ.สกลนคร 47110', '300', '260', 'ดร.ภิญโญ ทองเหลา', '30', '10', 'On Site', '2023-08-09T17:00:00.000Z', '455c40dc-e55a-4b67-b888-ecad3ab33a76', '2023-08-08 14:31:54', '2023-08-08 14:32:41'),
('a610be55-7a2f-4515-86ac-2bb59c7d73c0', '1047540667', 'โรงเรียนโคกสีวิทยาสรรค์สว่างศึกษา', 'กลาง', 'สว่างศึกษา', 'swang@gmail.com', '042000000', ' หมู่ที่  1  บ้าน326 ตำบลโคกสี อำเภอสว่างแดนดิน จังหวัดสกลนคร 47110', '200', '200', 'นายวรเวช แง่พรหม', '20', '10', 'On Site', '2023-08-09T17:00:00.000Z', 'aa9abc76-b244-4d87-8663-6619bde31f11', '2023-08-06 14:10:27', '2023-08-06 14:26:16'),
('a7d4e1b0-6802-45a7-9665-176ac81aace5', '1096240354', 'โรงเรียนร่มเกล้า', 'กลาง', 'เบญจพัฒน์', 'romklao@gmail.com', '0980000000', 'หมู่ที่  4  บ้านบ้านบูเกะปาลัส ตำบลยี่งอ อำเภอยี่งอ จังหวัดนราธิวาส 96180', '200', '150', 'นายสัญญา สุขเพชร', '30', '10', 'On Site', '2023-08-09T17:00:00.000Z', '9c7ef535-2c36-4ad2-acbc-2e7e927b80da', '2023-08-09 07:41:20', '2023-08-09 07:47:43'),
('aa2f1816-a386-4a31-b411-062cfa028080', '1047540656', 'โรงเรียนเฉลิมพระเกียรติพระบาทสมเด็จพระเจ้าอยู่หัวภูมิพลอดุลยเดชฯ ทรงครองสิริราชสมบัติครบ 50 ปี จังหว', 'กลาง', 'เบญจพัฒน์', 'cpsn50@gmail.com', '042000000', '356 356 หมู่ 3 บ้านดงขุมข้าวตำบลพังขว้าง อำเภอเมือง จังหวัดสกลนคร  47000 ', '200', '200', 'ดร.ศรีทัศน์ วิรัสวา', '20', '10', 'On Site', '2023-08-09T17:00:00.000Z', '8f480610-7a32-411c-a528-05a6212bf776', '2023-08-06 14:10:45', '2023-08-06 14:28:35'),
('ca02f780-bc91-4b39-adbb-1cd31f28afc5', '1040051037', 'โรงเรียนหนองแวงวิทยา', 'กลาง', 'ลุ่มน้ำยาม', 'nongwangwittaya@gmail.com', '0980000000', 'หมู่ที่  8  บ้านบ้านหนองแวง ตำบลกุดธาตุ อำเภอหนองนาคำ จังหวัดขอนแก่น 40150', '200', '300', 'นายสุรศักดิ์ จันทะแจ่ม', '20', '13', 'On Site', '2023-08-09T17:00:00.000Z', '778b4d54-e8a3-4fbb-8ba7-b4b348d1a892', '2023-08-08 14:29:48', '2023-08-08 14:30:34'),
('d718b4f3-e130-416c-8d70-8dbea3051eb6', '1047540674', 'โรงเรียนเจริญศิลป์ศึกษา (โพธิ์คำอนุสรณ์)', 'ใหญ่พิเศษ', 'ลุ่มน้ำสงคราม', 'charoensinsuksaphokhammemorial@gmail.com', '042000000', 'หมู่ที่  2  บ้านบ้านเจริญศิลป์ ตำบลเจริญศิลป์ อำเภอเจริญศิลป์ จังหวัดสกลนคร 47290', '500', '400', 'นายเอกศักดิ์ อาจหาญ', '50', '30', 'On Site', '2023-08-09T17:00:00.000Z', '461450f6-940b-4388-ac8b-3533085cf0d9', '2023-08-06 14:10:37', '2023-08-06 14:27:22'),
('dd24dd66-e75d-4d7c-94a7-ca4cf46d3962', '1047540670', 'โรงเรียนส่องดาววิทยาคม', 'กลาง', 'ลุ่มน้ำอูน', 'songdaowittayakhom@gmail.com', '042000000', 'หมู่ที่  9  บ้านโนนสะอาด ตำบลส่องดาว อำเภอส่องดาว จังหวัดสกลนคร 47190', '300', '270', 'นายเอกชัย วรรณทอง', '40', '6', 'On Site', '2023-08-09T17:00:00.000Z', 'def37f9c-e8b3-44a3-85c8-21c7fa9054ca', '2023-08-08 14:33:56', '2023-08-08 14:34:37'),
('e9602237-f211-4bc7-8feb-fadad9a07545', '1047540669', 'โรงเรียนสว่างแดนดิน', 'ใหญ่', 'สว่างศึกษา', 'sawangdaendin@gmail.com', '042000000', ' หมู่ที่  12  บ้านบ้านโคกสว่าง ตำบลสว่างแดนดิน อำเภอสว่างแดนดิน จังหวัดสกลนคร 47110', '300', '150', 'นางนงค์รักษ์ เคนไชยวงศ์', '30', '12', 'On Site', '2023-08-09T17:00:00.000Z', 'e8619ff7-b3b5-4256-8be4-390ba7e30d3e', '2023-08-08 14:35:15', '2023-08-08 14:35:52'),
('ec3c9a14-c4ae-4fe2-bb5c-6c7d5ee46553', '1047540656', 'โรงเรียนคำตากล้าราชประชาสงเคราะห์', 'เล็ก', 'ลุ่มน้ำสงคราม', 'khamtaklarachaprachasongkhor@gmail.com', '042000000', 'หมู่ที่  2  บ้านบ้านโคกอุดม ตำบลคำตากล้า อำเภอคำตากล้า จังหวัดสกลนคร 47250', '250', '100', 'นางวิราวัลย์ ชัยทวีกุล', '20', '4', 'On Site', '2023-08-09T17:00:00.000Z', 'e09fd4bf-08f1-42f1-a654-918190fe9965', '2023-08-06 14:10:03', '2023-08-06 14:22:10'),
('f9cd7d72-baa0-4be2-b9f5-3d9f904ab34d', '1047540635', 'โรงเรียนกุดบากพัฒนาศึกษา', 'กลาง', 'ลุ่มน้ำอูน', 'kutbakpattanasuksa@gmail.com', '042000000', ' หมู่ที่  1  บ้านกุดบาก ตำบลกุดบาก อำเภอกุดบาก จังหวัดสกลนคร 47180', '300', '150', 'นายไพบูลย์ พจนา', '30', '10', 'On Site', '2023-08-09T17:00:00.000Z', '6ba66852-5e10-4891-b346-d2b67be5b2d7', '2023-08-06 14:09:30', '2023-08-06 14:18:21');


INSERT INTO `personnel_school` (`id`, `school_id`, `personnel_id`, `created_at`, `updated_at`) VALUES
('01bd185d-1433-4e9b-b8fb-1b34e4ad8ee1', 'e9602237-f211-4bc7-8feb-fadad9a07545', 'af3c078b-46ea-43da-9084-fa3a440d6668', '2023-08-09 07:42:09', '2023-08-09 07:42:09'),
('0efcad2a-d5fb-4f02-87eb-57c221b5a959', 'dd24dd66-e75d-4d7c-94a7-ca4cf46d3962', 'af3c078b-46ea-43da-9084-fa3a440d6668', '2023-08-09 07:42:16', '2023-08-09 07:42:16'),
('11140938-0aaf-4b79-87d0-50781132c001', NULL, NULL, '2023-08-06 06:31:38', '2023-08-06 06:31:38'),
('11140938-0aaf-4b79-87d0-50781132c002', NULL, NULL, '2023-08-06 06:31:38', '2023-08-06 06:31:38'),
('11140938-0aaf-4b79-87d0-50781132c003', NULL, NULL, '2023-08-06 06:31:38', '2023-08-06 06:31:38'),
('11140938-0aaf-4b79-87d0-50781132c004', NULL, NULL, '2023-08-06 06:31:38', '2023-08-06 06:31:38'),
('11140938-0aaf-4b79-87d0-50781132c005', NULL, NULL, '2023-08-06 06:31:38', '2023-08-06 06:31:38'),
('11140938-0aaf-4b79-87d0-50781132c006', NULL, NULL, '2023-08-06 06:31:38', '2023-08-06 06:31:38'),
('11140938-0aaf-4b79-87d0-50781132c007', NULL, NULL, '2023-08-06 06:31:38', '2023-08-06 06:31:38'),
('11140938-0aaf-4b79-87d0-50781132c008', NULL, NULL, '2023-08-06 06:31:38', '2023-08-06 06:31:38'),
('11140938-0aaf-4b79-87d0-50781132c009', NULL, NULL, '2023-08-06 06:31:38', '2023-08-06 06:31:38'),
('11755154-5cc8-4ee4-8b9a-14f324c78366', '8dddc00e-4dee-4852-a88f-3d6d9323ec1a', 'dc35ba72-0329-418a-b0fe-0c42da83d73c', '2023-08-07 04:18:03', '2023-08-07 04:18:03'),
('17a72112-671d-4c6f-ad95-9bca3729b85b', 'ec3c9a14-c4ae-4fe2-bb5c-6c7d5ee46553', 'dc35ba72-0329-418a-b0fe-0c42da83d73c', '2023-08-06 14:29:52', '2023-08-06 14:29:52'),
('3a137ac4-9544-4675-9cdb-40c8cf780b39', '9e131f25-caeb-4743-bc61-f0bbbbdaa1cb', 'a700e286-5514-4e79-bd21-8fa316fe2c46', '2023-08-06 14:29:23', '2023-08-06 14:29:23'),
('4ee27a94-8cfa-44c0-ab57-c85efd9f304d', 'a610be55-7a2f-4515-86ac-2bb59c7d73c0', 'a700e286-5514-4e79-bd21-8fa316fe2c46', '2023-08-07 08:24:37', '2023-08-07 08:24:37'),
('69a5ed1a-7c0b-4f2c-a35e-c8403b7732d2', '5d63f242-7ca0-4967-9b4b-f9fcbbee98e3', '5ca9b5f7-9cda-4848-886b-8f8592eba096', '2023-08-06 14:29:04', '2023-08-06 14:29:04'),
('8fb377d5-f078-44d7-bf7c-3c5cca372c41', '2b1dee0e-506b-406d-9447-048c6a988383', '5ca9b5f7-9cda-4848-886b-8f8592eba096', '2023-08-06 14:29:01', '2023-08-06 14:29:01'),
('cbc3072e-b4a5-4bcd-a969-0eb01e39618b', 'a7d4e1b0-6802-45a7-9665-176ac81aace5', 'af3c078b-46ea-43da-9084-fa3a440d6668', '2023-08-09 07:55:32', '2023-08-09 07:55:32'),
('dc691a68-0c72-490c-aafd-ed9810df2d5e', 'f9cd7d72-baa0-4be2-b9f5-3d9f904ab34d', 'dc35ba72-0329-418a-b0fe-0c42da83d73c', '2023-08-06 14:29:54', '2023-08-06 14:29:54'),
('ea84a350-a453-4413-8432-334444779b23', 'aa2f1816-a386-4a31-b411-062cfa028080', 'd163a42e-5581-4902-bd4f-9cb06a1fbf65', '2023-08-06 14:29:37', '2023-08-06 14:29:37'),
('ef766f2d-64d9-4b79-bb1d-eb97dc1edeb9', '83dc154e-28bd-4022-ae70-000e35ca6099', '5ca9b5f7-9cda-4848-886b-8f8592eba096', '2023-08-06 14:29:07', '2023-08-06 14:29:07'),
('f7da1c02-21c4-45c7-afa6-f57a48451092', 'd718b4f3-e130-416c-8d70-8dbea3051eb6', 'd163a42e-5581-4902-bd4f-9cb06a1fbf65', '2023-08-06 14:29:42', '2023-08-06 14:29:42');


INSERT INTO `school_supervision_form` (`id`, `year`, `term`, `supervision_form_id`, `supervisor_name`, `supervisor_position`, `school_id`, `is_send`, `is_confirm`, `created_at`, `updated_at`) VALUES
('000f3d12-f286-447b-aede-80da6abbc04c', '2566', '1', 'e31263e9-cd10-4bd8-b040-ff550a0d1ba1', 'เปรมวดี จักษุมาตย์', 'ศึกษานิเทศก์ชำนาญการพิเศษ', 'a7d4e1b0-6802-45a7-9665-176ac81aace5', 1, 1, '2023-08-09 07:41:20', '2023-08-09 07:59:42'),
('01274c96-244c-4b58-aa70-2ee033e892da', '2566', '1', 'e31263e9-cd10-4bd8-b040-ff550a0d1ba1', 'ดวงธิดา ทุมกิจจะ', 'ศึกษานิเทศก์ชำนาญการพิเศษ', 'aa2f1816-a386-4a31-b411-062cfa028080', 1, 1, '2023-08-06 14:31:47', '2023-08-08 15:01:21'),
('02822490-e702-4982-ac99-4381ebbfbdfb', '2566', '2', 'e31263e9-cd10-4bd8-b040-ff550a0d1ba2', NULL, NULL, '83dc154e-28bd-4022-ae70-000e35ca6099', 0, 0, '2023-08-09 08:04:16', '2023-08-09 08:04:16'),
('0712d84b-d0f2-4840-a3a8-f9a9d59724f8', '2566', '2', 'e31263e9-cd10-4bd8-b040-ff550a0d1ba2', NULL, NULL, 'a7d4e1b0-6802-45a7-9665-176ac81aace5', 0, 0, '2023-08-09 08:04:16', '2023-08-09 08:04:16'),
('0984872e-0a9f-404c-b035-e992db44c36a', '2566', '1', 'e31263e9-cd10-4bd8-b040-ff550a0d1ba1', 'วีระศักดิ์ ชีแพง', 'ชำนาญการ', '5d63f242-7ca0-4967-9b4b-f9fcbbee98e3', 1, 1, '2023-08-06 14:31:47', '2023-08-08 15:01:43'),
('12a226aa-d341-4462-8989-cc40d5b1e293', '2566', '2', 'e31263e9-cd10-4bd8-b040-ff550a0d1ba1', NULL, NULL, 'a474aca4-afe0-46b1-bcb5-de8dde1cbe87', 0, 0, '2023-08-09 08:04:16', '2023-08-09 08:04:16'),
('1735fa31-11de-4f50-9ca2-9bb90a2cfb53', '2566', '2', 'e31263e9-cd10-4bd8-b040-ff550a0d1ba1', NULL, NULL, 'e9602237-f211-4bc7-8feb-fadad9a07545', 0, 0, '2023-08-09 08:04:16', '2023-08-09 08:04:16'),
('18506a58-cab9-41ea-a929-8c15a6c31eec', '2566', '1', 'e31263e9-cd10-4bd8-b040-ff550a0d1ba2', '', '', 'd718b4f3-e130-416c-8d70-8dbea3051eb6', 1, 0, '2023-08-06 14:31:47', '2023-08-08 14:48:41'),
('1f7746f9-c0e7-47c0-b117-65a7c89f5300', '2566', '1', 'e31263e9-cd10-4bd8-b040-ff550a0d1ba1', '', '', '8758d44e-2b22-4395-9aa4-7db3fccb1689', 0, 0, '2023-08-08 14:27:12', '2023-08-08 14:27:12'),
('2b0b64d2-bc4b-4c8b-bb20-b3964c0c7879', '2566', '1', 'e31263e9-cd10-4bd8-b040-ff550a0d1ba1', '', '', 'e9602237-f211-4bc7-8feb-fadad9a07545', 0, 0, '2023-08-08 14:35:15', '2023-08-08 14:35:15'),
('30b875b0-21aa-4118-806f-e029f8eeb167', '2566', '2', 'e31263e9-cd10-4bd8-b040-ff550a0d1ba2', NULL, NULL, '8dddc00e-4dee-4852-a88f-3d6d9323ec1a', 0, 0, '2023-08-09 08:04:16', '2023-08-09 08:04:16'),
('3292cb8e-9d58-4e25-bd96-bba74ded0e93', '2566', '1', 'e31263e9-cd10-4bd8-b040-ff550a0d1ba1', 'บำเพ็ญ วรบุตร', 'ศึกษานิเทศก์ชำนาญการพิเศษ', '9e131f25-caeb-4743-bc61-f0bbbbdaa1cb', 1, 1, '2023-08-06 14:31:47', '2023-08-07 04:26:13'),
('3cb8ee50-eddc-4ae3-ba64-53922cd08746', '2566', '2', 'e31263e9-cd10-4bd8-b040-ff550a0d1ba1', NULL, NULL, '83dc154e-28bd-4022-ae70-000e35ca6099', 0, 0, '2023-08-09 08:04:16', '2023-08-09 08:04:16'),
('4b7dd324-dac5-43c2-b68a-437926633429', '2566', '1', 'e31263e9-cd10-4bd8-b040-ff550a0d1ba2', '', '', 'a7d4e1b0-6802-45a7-9665-176ac81aace5', 1, 0, '2023-08-09 07:41:20', '2023-08-09 07:53:10'),
('4e3d87de-5625-4224-bfd4-6b0c6da17c56', '2566', '1', 'e31263e9-cd10-4bd8-b040-ff550a0d1ba1', 'บำเพ็ญ วรบุตร', 'ศึกษานิเทศก์ชำนาญการพิเศษ', 'a610be55-7a2f-4515-86ac-2bb59c7d73c0', 1, 1, '2023-08-06 14:31:47', '2023-08-08 15:00:14'),
('4e9d4a6b-c571-4ec0-b08d-58cba3d413bd', '2566', '2', 'e31263e9-cd10-4bd8-b040-ff550a0d1ba2', NULL, NULL, '8758d44e-2b22-4395-9aa4-7db3fccb1689', 0, 0, '2023-08-09 08:04:16', '2023-08-09 08:04:16'),
('52e8c18d-8bfa-4840-bca2-640574e7ad52', '2566', '1', 'e31263e9-cd10-4bd8-b040-ff550a0d1ba1', '', '', 'dd24dd66-e75d-4d7c-94a7-ca4cf46d3962', 0, 0, '2023-08-08 14:33:56', '2023-08-08 14:33:56'),
('56069cf2-8512-440d-906e-d7e852387651', '2566', '1', 'e31263e9-cd10-4bd8-b040-ff550a0d1ba2', '', '', 'dd24dd66-e75d-4d7c-94a7-ca4cf46d3962', 0, 0, '2023-08-08 14:33:56', '2023-08-08 14:33:56'),
('5f958efe-7b3a-4b67-8a23-80ab692e9d3c', '2566', '1', 'e31263e9-cd10-4bd8-b040-ff550a0d1ba2', '', '', 'ca02f780-bc91-4b39-adbb-1cd31f28afc5', 0, 0, '2023-08-08 14:29:48', '2023-08-08 14:29:48'),
('5fb8898a-6767-4e31-b5cf-148ad8b5e0ab', '2566', '2', 'e31263e9-cd10-4bd8-b040-ff550a0d1ba1', NULL, NULL, '2b1dee0e-506b-406d-9447-048c6a988383', 0, 0, '2023-08-09 08:04:16', '2023-08-09 08:04:16'),
('63d9c9f3-e6aa-46df-a1b0-30ad8e43dcf7', '2566', '1', 'e31263e9-cd10-4bd8-b040-ff550a0d1ba1', 'วีระศักดิ์ ชีแพง', 'ชำนาญการ', '83dc154e-28bd-4022-ae70-000e35ca6099', 1, 1, '2023-08-06 14:31:47', '2023-08-08 15:02:10'),
('63ec9998-67fd-4c13-8e7a-640643c661a0', '2566', '2', 'e31263e9-cd10-4bd8-b040-ff550a0d1ba2', NULL, NULL, '5d63f242-7ca0-4967-9b4b-f9fcbbee98e3', 0, 0, '2023-08-09 08:04:16', '2023-08-09 08:04:16'),
('681e68ea-25e7-41cf-bab3-6f47b9f8ac84', '2566', '2', 'e31263e9-cd10-4bd8-b040-ff550a0d1ba1', NULL, NULL, 'a610be55-7a2f-4515-86ac-2bb59c7d73c0', 0, 0, '2023-08-09 08:04:16', '2023-08-09 08:04:16'),
('69bacdc8-c4b5-49d0-bdd9-27c7cb8a0e04', '2566', '2', 'e31263e9-cd10-4bd8-b040-ff550a0d1ba1', NULL, NULL, '8dddc00e-4dee-4852-a88f-3d6d9323ec1a', 0, 0, '2023-08-09 08:04:16', '2023-08-09 08:04:16'),
('6a0ad3ce-3fb5-4d1e-bebe-415df0b91b60', '2566', '1', 'e31263e9-cd10-4bd8-b040-ff550a0d1ba2', 'บำเพ็ญ วรบุตร', 'ศึกษานิเทศก์ชำนาญการพิเศษ', 'a610be55-7a2f-4515-86ac-2bb59c7d73c0', 1, 1, '2023-08-06 14:31:47', '2023-08-08 15:00:24'),
('6ce01e25-93e4-475b-ac8c-68e750a056ea', '2566', '2', 'e31263e9-cd10-4bd8-b040-ff550a0d1ba2', NULL, NULL, 'd718b4f3-e130-416c-8d70-8dbea3051eb6', 0, 0, '2023-08-09 08:04:16', '2023-08-09 08:04:16'),
('6d7bc751-bdd2-47a8-afdf-c8df9f9c14d8', '2566', '1', 'e31263e9-cd10-4bd8-b040-ff550a0d1ba2', '', '', 'ec3c9a14-c4ae-4fe2-bb5c-6c7d5ee46553', 1, 0, '2023-08-06 14:31:47', '2023-08-08 14:53:20'),
('73d9fab0-a245-4cda-9ae6-93d09c478e63', '2566', '2', 'e31263e9-cd10-4bd8-b040-ff550a0d1ba1', NULL, NULL, '9e131f25-caeb-4743-bc61-f0bbbbdaa1cb', 0, 0, '2023-08-09 08:04:16', '2023-08-09 08:04:16'),
('75340fb8-9c24-48fd-ba18-007b96a8e6cb', '2566', '2', 'e31263e9-cd10-4bd8-b040-ff550a0d1ba1', NULL, NULL, 'd718b4f3-e130-416c-8d70-8dbea3051eb6', 0, 0, '2023-08-09 08:04:16', '2023-08-09 08:04:16'),
('783cabeb-2383-4c6f-afa0-41ec18af1948', '2566', '2', 'e31263e9-cd10-4bd8-b040-ff550a0d1ba1', NULL, NULL, 'ec3c9a14-c4ae-4fe2-bb5c-6c7d5ee46553', 0, 0, '2023-08-09 08:04:16', '2023-08-09 08:04:16'),
('78868f3e-f6f1-4cc1-b0ff-ff50b5dc1f03', '2566', '2', 'e31263e9-cd10-4bd8-b040-ff550a0d1ba2', NULL, NULL, 'dd24dd66-e75d-4d7c-94a7-ca4cf46d3962', 0, 0, '2023-08-09 08:04:16', '2023-08-09 08:04:16'),
('7a0f5778-4abc-4df0-b0c7-6e073269bea0', '2566', '1', 'e31263e9-cd10-4bd8-b040-ff550a0d1ba2', '', '', 'f9cd7d72-baa0-4be2-b9f5-3d9f904ab34d', 1, 0, '2023-08-06 14:31:47', '2023-08-08 14:55:51'),
('7c082cdd-0256-4eeb-bf54-6afcfff34a86', '2566', '2', 'e31263e9-cd10-4bd8-b040-ff550a0d1ba2', NULL, NULL, 'e9602237-f211-4bc7-8feb-fadad9a07545', 0, 0, '2023-08-09 08:04:16', '2023-08-09 08:04:16'),
('81fca6a2-571f-42e6-9bb8-f917690b50cf', '2566', '2', 'e31263e9-cd10-4bd8-b040-ff550a0d1ba1', 'เปรมวดี จักษุมาตย์', 'ศึกษานิเทศก์ชำนาญการพิเศษ', 'a7d4e1b0-6802-45a7-9665-176ac81aace5', 1, 1, '2023-08-09 08:04:16', '2023-08-09 08:06:08'),
('8c740ea8-e18d-4081-aaf1-1beb4f5e24c6', '2566', '2', 'e31263e9-cd10-4bd8-b040-ff550a0d1ba2', NULL, NULL, 'f9cd7d72-baa0-4be2-b9f5-3d9f904ab34d', 0, 0, '2023-08-09 08:04:16', '2023-08-09 08:04:16'),
('8cee41d5-9427-4f0f-b34c-6646f3d983ae', '2566', '1', 'e31263e9-cd10-4bd8-b040-ff550a0d1ba2', 'ธิปญาดากรณ์ บัวพรม', 'เจ้าพนักงานธุรการปฏิบัติงาน', '8dddc00e-4dee-4852-a88f-3d6d9323ec1a', 1, 1, '2023-08-06 14:31:47', '2023-08-08 15:01:02'),
('8e10b024-884b-476e-aca7-6c41d2bf5ddf', '2566', '2', 'e31263e9-cd10-4bd8-b040-ff550a0d1ba2', NULL, NULL, 'ec3c9a14-c4ae-4fe2-bb5c-6c7d5ee46553', 0, 0, '2023-08-09 08:04:16', '2023-08-09 08:04:16'),
('99e8a718-6a5a-49ea-92ed-fa9334e791fc', '2566', '1', 'e31263e9-cd10-4bd8-b040-ff550a0d1ba1', '', '', 'd718b4f3-e130-416c-8d70-8dbea3051eb6', 1, 0, '2023-08-06 14:31:47', '2023-08-08 14:48:18'),
('9d28a21b-fff2-49d5-bdfa-9bc29d6fe748', '2566', '2', 'e31263e9-cd10-4bd8-b040-ff550a0d1ba1', NULL, NULL, 'aa2f1816-a386-4a31-b411-062cfa028080', 0, 0, '2023-08-09 08:04:16', '2023-08-09 08:04:16'),
('a218ca7b-8615-43fd-b513-7438e1e64067', '2566', '1', 'e31263e9-cd10-4bd8-b040-ff550a0d1ba1', '', '', 'ca02f780-bc91-4b39-adbb-1cd31f28afc5', 0, 0, '2023-08-08 14:29:48', '2023-08-08 14:29:48'),
('a954d6f6-8c4e-4e2b-abea-28c396a6716e', '2566', '2', 'e31263e9-cd10-4bd8-b040-ff550a0d1ba1', NULL, NULL, '5d63f242-7ca0-4967-9b4b-f9fcbbee98e3', 0, 0, '2023-08-09 08:04:16', '2023-08-09 08:04:16'),
('ad56e6d0-2a0e-471a-b93c-8db0fa6faeaa', '2566', '2', 'e31263e9-cd10-4bd8-b040-ff550a0d1ba1', NULL, NULL, '8758d44e-2b22-4395-9aa4-7db3fccb1689', 0, 0, '2023-08-09 08:04:16', '2023-08-09 08:04:16'),
('af23a598-c356-45b4-8cc1-0589e61ddd1d', '2566', '2', 'e31263e9-cd10-4bd8-b040-ff550a0d1ba2', NULL, NULL, 'ca02f780-bc91-4b39-adbb-1cd31f28afc5', 0, 0, '2023-08-09 08:04:16', '2023-08-09 08:04:16'),
('b1746346-bad1-45e8-87c2-10d1378f6ece', '2566', '2', 'e31263e9-cd10-4bd8-b040-ff550a0d1ba1', NULL, NULL, 'f9cd7d72-baa0-4be2-b9f5-3d9f904ab34d', 0, 0, '2023-08-09 08:04:16', '2023-08-09 08:04:16'),
('b52d30cd-8fc5-4734-ab6d-b02212567044', '2566', '1', 'e31263e9-cd10-4bd8-b040-ff550a0d1ba2', 'บำเพ็ญ วรบุตร', 'ศึกษานิเทศก์ชำนาญการพิเศษ', '9e131f25-caeb-4743-bc61-f0bbbbdaa1cb', 1, 1, '2023-08-06 14:31:47', '2023-08-07 08:15:56'),
('b603ddf8-4fd0-4fa5-8a8b-6bc12825e397', '2566', '2', 'e31263e9-cd10-4bd8-b040-ff550a0d1ba1', NULL, NULL, 'ca02f780-bc91-4b39-adbb-1cd31f28afc5', 0, 0, '2023-08-09 08:04:16', '2023-08-09 08:04:16'),
('bc03474d-89cc-4446-9393-e31c95d4114b', '2566', '1', 'e31263e9-cd10-4bd8-b040-ff550a0d1ba1', '', '', 'ec3c9a14-c4ae-4fe2-bb5c-6c7d5ee46553', 1, 0, '2023-08-06 14:31:47', '2023-08-08 14:53:03'),
('bd14661a-bede-460f-b15b-b702f030ee19', '2566', '1', 'e31263e9-cd10-4bd8-b040-ff550a0d1ba2', '', '', 'a474aca4-afe0-46b1-bcb5-de8dde1cbe87', 0, 0, '2023-08-08 14:31:54', '2023-08-08 14:31:54'),
('be187962-2d51-4b63-ad8f-4ab5678e08bd', '2566', '2', 'e31263e9-cd10-4bd8-b040-ff550a0d1ba2', NULL, NULL, '9e131f25-caeb-4743-bc61-f0bbbbdaa1cb', 0, 0, '2023-08-09 08:04:16', '2023-08-09 08:04:16'),
('c92de76e-cc9b-43b8-962a-974cabad9bf6', '2566', '1', 'e31263e9-cd10-4bd8-b040-ff550a0d1ba2', '', '', 'e9602237-f211-4bc7-8feb-fadad9a07545', 0, 0, '2023-08-08 14:35:15', '2023-08-08 14:35:15'),
('c936fc86-7f37-4b75-b2be-ef561b340b19', '2566', '2', 'e31263e9-cd10-4bd8-b040-ff550a0d1ba2', NULL, NULL, 'a474aca4-afe0-46b1-bcb5-de8dde1cbe87', 0, 0, '2023-08-09 08:04:16', '2023-08-09 08:04:16'),
('cecd9a09-5a56-49fa-bc1e-d90fe0acaeb9', '2566', '1', 'e31263e9-cd10-4bd8-b040-ff550a0d1ba1', 'วีระศักดิ์ ชีแพง', 'ชำนาญการ', '2b1dee0e-506b-406d-9447-048c6a988383', 1, 1, '2023-08-06 14:31:47', '2023-08-08 15:01:59'),
('d414a61d-de47-4db0-81c6-a3811c2df5ca', '2566', '1', 'e31263e9-cd10-4bd8-b040-ff550a0d1ba2', '', '', '8758d44e-2b22-4395-9aa4-7db3fccb1689', 0, 0, '2023-08-08 14:27:12', '2023-08-08 14:27:12'),
('d5e8b151-9e93-4764-8b93-c256f98f9d56', '2566', '2', 'e31263e9-cd10-4bd8-b040-ff550a0d1ba2', NULL, NULL, 'aa2f1816-a386-4a31-b411-062cfa028080', 0, 0, '2023-08-09 08:04:16', '2023-08-09 08:04:16'),
('e0881f24-7203-4cae-b6b0-1f53b3690048', '2566', '1', 'e31263e9-cd10-4bd8-b040-ff550a0d1ba2', 'วีระศักดิ์ ชีแพง', 'ชำนาญการ', '83dc154e-28bd-4022-ae70-000e35ca6099', 1, 1, '2023-08-06 14:31:47', '2023-08-08 15:02:12'),
('ea2220d4-e512-4b69-925b-1a8c25b1de8a', '2566', '1', 'e31263e9-cd10-4bd8-b040-ff550a0d1ba2', 'วีระศักดิ์ ชีแพง', 'ชำนาญการ', '5d63f242-7ca0-4967-9b4b-f9fcbbee98e3', 1, 1, '2023-08-06 14:31:47', '2023-08-08 15:01:46'),
('f1260f45-2959-4fa7-b05e-624d263a55dc', '2566', '1', 'e31263e9-cd10-4bd8-b040-ff550a0d1ba2', 'ดวงธิดา ทุมกิจจะ', 'ศึกษานิเทศก์ชำนาญการพิเศษ', 'aa2f1816-a386-4a31-b411-062cfa028080', 1, 1, '2023-08-06 14:31:47', '2023-08-08 15:01:23'),
('f1b0fa65-38c5-427f-9aa8-7b0773e880bf', '2566', '2', 'e31263e9-cd10-4bd8-b040-ff550a0d1ba2', NULL, NULL, '2b1dee0e-506b-406d-9447-048c6a988383', 0, 0, '2023-08-09 08:04:16', '2023-08-09 08:04:16'),
('f36c610b-f4e6-4a6f-a10d-8197880386e9', '2566', '1', 'e31263e9-cd10-4bd8-b040-ff550a0d1ba2', 'วีระศักดิ์ ชีแพง', 'ชำนาญการ', '2b1dee0e-506b-406d-9447-048c6a988383', 1, 1, '2023-08-06 14:31:47', '2023-08-08 15:02:01'),
('f3deb0c6-12bc-48a0-bc0b-2f3060e628db', '2566', '1', 'e31263e9-cd10-4bd8-b040-ff550a0d1ba1', 'ธิปญาดากรณ์ บัวพรม', 'เจ้าพนักงานธุรการปฏิบัติงาน', '8dddc00e-4dee-4852-a88f-3d6d9323ec1a', 1, 1, '2023-08-06 14:31:47', '2023-08-08 15:00:59'),
('f9b817e0-1b81-4bc3-9f97-b9e0bf8c98c6', '2566', '2', 'e31263e9-cd10-4bd8-b040-ff550a0d1ba1', NULL, NULL, 'dd24dd66-e75d-4d7c-94a7-ca4cf46d3962', 0, 0, '2023-08-09 08:04:16', '2023-08-09 08:04:16'),
('fa2cac38-785d-4b3d-a7f6-1fd60e41f39e', '2566', '1', 'e31263e9-cd10-4bd8-b040-ff550a0d1ba1', '', '', 'f9cd7d72-baa0-4be2-b9f5-3d9f904ab34d', 1, 0, '2023-08-06 14:31:47', '2023-08-08 14:55:34'),
('fcfb5237-6033-4aa3-b11e-c1e27da01360', '2566', '2', 'e31263e9-cd10-4bd8-b040-ff550a0d1ba2', NULL, NULL, 'a610be55-7a2f-4515-86ac-2bb59c7d73c0', 0, 0, '2023-08-09 08:04:16', '2023-08-09 08:04:16'),
('ffc4b5ba-c134-4c3c-96ad-3f7105855826', '2566', '1', 'e31263e9-cd10-4bd8-b040-ff550a0d1ba1', '', '', 'a474aca4-afe0-46b1-bcb5-de8dde1cbe87', 0, 0, '2023-08-08 14:31:54', '2023-08-08 14:31:54');


INSERT INTO `rsf_section` (`id`, `type`, `supervision_form_id`, `priority`, `created_at`, `updated_at`) VALUES
('e46263e9-cd10-4bd8-b040-ff550a0d2ba1', '1. ด้านนโยบายการจัดการศึกษาของกระทรวงศึกษาธิการ', 'e31263e9-cd10-4bd8-b040-ff550a0d1ba2', '1', '0000-00-00 00:00:00', '0000-00-00 00:00:00'),
('e46263e9-cd10-4bd8-b040-ff550a0d2ba2', '2. ด้านนโยบายการจัดการศึกษาของสำนักงานคณะกรรมการขั้นพื้นฐาน', 'e31263e9-cd10-4bd8-b040-ff550a0d1ba2', '2', '0000-00-00 00:00:00', '0000-00-00 00:00:00'),
('e46263e9-cd10-4bd8-b040-ff550a0d2ba3', '3. ด้านนโยบายและมาตรการความปลอดภัยของผู้เรียน', 'e31263e9-cd10-4bd8-b040-ff550a0d1ba2', '3', '0000-00-00 00:00:00', '0000-00-00 00:00:00'),
('e46263e9-cd10-4bd8-b040-ff550a0d5ba1', '1. ด้านการบริหารจัดการ', 'e31263e9-cd10-4bd8-b040-ff550a0d1ba1', '1', '0000-00-00 00:00:00', '0000-00-00 00:00:00'),
('e46263e9-cd10-4bd8-b040-ff550a0d5ba2', '2. ด้านอาคารสถานที่', 'e31263e9-cd10-4bd8-b040-ff550a0d1ba1', '2', '0000-00-00 00:00:00', '0000-00-00 00:00:00'),
('e46263e9-cd10-4bd8-b040-ff550a0d5ba3', '3. ด้านครูผู้สอน', 'e31263e9-cd10-4bd8-b040-ff550a0d1ba1', '3', '0000-00-00 00:00:00', '0000-00-00 00:00:00'),
('e46263e9-cd10-4bd8-b040-ff550a0d5ba4', '4. ด้านการส่งเสริมการจัดการเรียนรู้', 'e31263e9-cd10-4bd8-b040-ff550a0d1ba1', '4', '0000-00-00 00:00:00', '0000-00-00 00:00:00'),
('e46263e9-cd10-4bd8-b040-ff550a0d5ba5', '5. ด้านนโยบายเรียนฟรี 15 ปี', 'e31263e9-cd10-4bd8-b040-ff550a0d1ba1', '5', '0000-00-00 00:00:00', '0000-00-00 00:00:00');


INSERT INTO `rsf_question` (`id`, `question`, `rsf_section_id`, `priority`) VALUES
('e42f2e98-aec0-48ae-a6e0-586e0bda1e01', 'มีการเตรียมความพร้อมจัดหลักสูตรฐานสมรรถนะ', 'e46263e9-cd10-4bd8-b040-ff550a0d2ba1', '1.1'),
('e42f2e98-aec0-48ae-a6e0-586e0bda1e02', 'มีการพัฒนาทักษะทางอาชีพ', 'e46263e9-cd10-4bd8-b040-ff550a0d2ba1', '1.2'),
('e42f2e98-aec0-48ae-a6e0-586e0bda1e03', 'มีการจัดการศึกษาสำหรับผู้ที่มีความต้องการจำเป็นพิเศษ', 'e46263e9-cd10-4bd8-b040-ff550a0d2ba1', '1.3'),
('e42f2e98-aec0-48ae-a6e0-586e0bda1e04', 'มีการจัดเรียนการสอนออนไลน์ด้วยการนำนวัตกรรมและเทคโนโลยีที่ทันสมัยมาใช้', 'e46263e9-cd10-4bd8-b040-ff550a0d2ba1', '1.4'),
('e42f2e98-aec0-48ae-a6e0-586e0bda2e01', 'มีการพัฒนาการอ่านออกเขียนได้ของผู้เรียน', 'e46263e9-cd10-4bd8-b040-ff550a0d2ba2', '2.1'),
('e42f2e98-aec0-48ae-a6e0-586e0bda2e02', 'มีการพัฒนาทักษะ คณิตศาสตร์ การคิดวิเคราะห์ การคิดขั้นสูงนวัตกรรมวิทยาศาสตร์และเทคโนโลยีดิจิทัลและวิทยาการคำนวณ', 'e46263e9-cd10-4bd8-b040-ff550a0d2ba2', '2.2'),
('e42f2e98-aec0-48ae-a6e0-586e0bda2e03', 'มีการพัฒนาทักษะภาษาอังกฤษ', 'e46263e9-cd10-4bd8-b040-ff550a0d2ba2', '2.3'),
('e42f2e98-aec0-48ae-a6e0-586e0bda2e04', 'มีการเตรียมผู้เรียนให้มีทักษะที่จำเป็นในศตวรรษที่ 21', 'e46263e9-cd10-4bd8-b040-ff550a0d2ba2', '2.4'),
('e42f2e98-aec0-48ae-a6e0-586e0bda2e05', 'มีการจัดการศึกษาสำหรับผู้ที่มีความต้องการจำเป็นพิเศษ', 'e46263e9-cd10-4bd8-b040-ff550a0d2ba2', '2.5'),
('e42f2e98-aec0-48ae-a6e0-586e0bda3e01', 'มีการเตรียมผู้เรียนให้มีความตะหนักถึงความปลอดภัยทางร่างกายและจิตใจ', 'e46263e9-cd10-4bd8-b040-ff550a0d2ba3', '3.1'),
('e42f2e98-aec0-48ae-a6e0-586e0bda3e02', 'มีการสำรวจจัดทำแผนเพื่อให้เกิดความปลอดภัยแก่ผู้เรียน', 'e46263e9-cd10-4bd8-b040-ff550a0d2ba3', '3.2'),
('e42f2e98-aec0-48ae-a6e0-586e0bda3e03', 'มีการสำรวจอาคารสถานที่เพื่อให้เกิดความปลอดภัยในการจัดกิจกรรมการเรียนแก่ผู้เรียน', 'e46263e9-cd10-4bd8-b040-ff550a0d2ba3', '3.3'),
('e42f2e98-aec0-48ae-a6e0-586e0bda3e04', 'มีการแต่งตั้งครูเวรประจำวันคอยควบคุม กำกับ ติดตามดูแลการรักษาความปลอดภัยตลอดทั้งวัน', 'e46263e9-cd10-4bd8-b040-ff550a0d2ba3', '3.4'),
('e42f2e98-aec0-48ae-a6e0-586e0bda3e05', 'มีการร่วมมือกันระหว่างสถานศึกษา ผู้ปกครองและชุมชนกำหนดมาตรการรับ-ส่งนักเรียนตอนเช้าและเลิกเรียน', 'e46263e9-cd10-4bd8-b040-ff550a0d2ba3', '3.5'),
('e56263e9-cd10-4bd8-b040-ff550a0d1ba1', 'มีการจัดประชุมครู / บุคลากร / ผู้ปกครองและนักเรียนก่อนเปิดภาคเรียน', 'e46263e9-cd10-4bd8-b040-ff550a0d5ba1', '1.1'),
('e56263e9-cd10-4bd8-b040-ff550a0d1ba2', 'มีคำสั่งการจัดชั้นเรียนและมอบหมายงานให้ครูรับผิดชอบที่ชัดเจน', 'e46263e9-cd10-4bd8-b040-ff550a0d5ba1', '1.2'),
('e56263e9-cd10-4bd8-b040-ff550a0d1ba3', 'มีการวางแผน / โครงการ / มอบหมายงานให้บุคลากรตามแนวทางการพัฒนาคุณภาพการศึกษา', 'e46263e9-cd10-4bd8-b040-ff550a0d5ba1', '1.3'),
('e56263e9-cd10-4bd8-b040-ff550a0d1ba4', 'มีการดำเนินงานธุรการและสารสนเทศของโรงเรียนเป็นปัจจุบัน', 'e46263e9-cd10-4bd8-b040-ff550a0d5ba1', '1.4'),
('e56263e9-cd10-4bd8-b040-ff550a0d1ba5', 'ห้องเรียน / ห้องปฏิบัติการทุกห้องมีความเรียบร้อย สะอาด ปลอดภัยและเอื้อต่อการจัดการเรียนการสอน', 'e46263e9-cd10-4bd8-b040-ff550a0d5ba1', '1.5'),
('e56263e9-cd10-4bd8-b040-ff550a0d2ba1', 'มีการจัดบริเวณ / บริบทโรงเรียน / อาคารเรียนที่ปลอดภัย', 'e46263e9-cd10-4bd8-b040-ff550a0d5ba2', '2.1'),
('e56263e9-cd10-4bd8-b040-ff550a0d2ba2', 'มีการดูแลรักษา / ตรวจสภาพระบบไฟฟ้าที่ปลอดภัย', 'e46263e9-cd10-4bd8-b040-ff550a0d5ba2', '2.2'),
('e56263e9-cd10-4bd8-b040-ff550a0d2ba3', 'มีการจัดห้องเรียน โต๊ะ, เก้าอี้เรียน, ห้องธุรการ', 'e46263e9-cd10-4bd8-b040-ff550a0d5ba2', '2.3'),
('e56263e9-cd10-4bd8-b040-ff550a0d2ba4', 'มีการดูแลรักษาความสะอาดห้องน้ำห้องส้วม / ระบบน้ำประปาที่เหมาะสม', 'e46263e9-cd10-4bd8-b040-ff550a0d5ba2', '2.4'),
('e56263e9-cd10-4bd8-b040-ff550a0d2ba5', 'มีการดูแลรักษาความสะอาดห้องสมุดโรงเรียน / ห้องปฏิบัติการต่า ๆ เป็นระเบียบสะอาดเรียบร้อย', 'e46263e9-cd10-4bd8-b040-ff550a0d5ba2', '2.5'),
('e56263e9-cd10-4bd8-b040-ff550a0d3ba1', 'มีการดำเนินงานธุรการประจำชั้นเรียนที่สมบูรณ์เรียบร้อย', 'e46263e9-cd10-4bd8-b040-ff550a0d5ba3', '3.1'),
('e56263e9-cd10-4bd8-b040-ff550a0d3ba2', 'มีการเตรียมความพร้อมด้านแผนการสอนอย่างน้อย 1 สาระการเรียนรู้หลัก / ครู 1 คน', 'e46263e9-cd10-4bd8-b040-ff550a0d5ba3', '3.2'),
('e56263e9-cd10-4bd8-b040-ff550a0d3ba3', ' มีการจัดทำตารางสอน, ตารางการจัดกิจกรรมประจำภาคเรียน', 'e46263e9-cd10-4bd8-b040-ff550a0d5ba3', '3.3'),
('e56263e9-cd10-4bd8-b040-ff550a0d3ba4', 'มีการจัดกิจกรรมการเรียนรู้ตามตารางการเรียนรู้ที่เป็นปัจจุบัน', 'e46263e9-cd10-4bd8-b040-ff550a0d5ba3', '3.4'),
('e56263e9-cd10-4bd8-b040-ff550a0d3ba5', 'มีการเรียนรู้เพื่อการสอน สอนเพื่อการเรียนรู้', 'e46263e9-cd10-4bd8-b040-ff550a0d5ba3', '3.5'),
('e56263e9-cd10-4bd8-b040-ff550a0d4ba1', 'มีการยกระดับผลสัมฤทธิ์ทางการเรียน', 'e46263e9-cd10-4bd8-b040-ff550a0d5ba4', '4.1'),
('e56263e9-cd10-4bd8-b040-ff550a0d4ba2', ' มีการพัฒนาคุณภาพผู้เรียนด้านทักษะ สมรรถนะและคุณลักษณะตามหลักสูตร', 'e46263e9-cd10-4bd8-b040-ff550a0d5ba4', '4.2'),
('e56263e9-cd10-4bd8-b040-ff550a0d4ba3', ' มีการส่งเสริมการจัดการเรียนรู้ของครูโดยชุมชนทางวิชาชีพ', 'e46263e9-cd10-4bd8-b040-ff550a0d5ba4', '4.3'),
('e56263e9-cd10-4bd8-b040-ff550a0d4ba4', 'มีการจัดระบบประกันคุณภาพภายในสถานศึกษา', 'e46263e9-cd10-4bd8-b040-ff550a0d5ba4', '4.4'),
('e56263e9-cd10-4bd8-b040-ff550a0d4ba5', 'การนิเทศภายในสถานศึกษา', 'e46263e9-cd10-4bd8-b040-ff550a0d5ba4', '4.5'),
('e56263e9-cd10-4bd8-b040-ff550a0d5ba1', 'การจัดเครื่องแบบนักเรียนและอุปกรณ์การเรียน', 'e46263e9-cd10-4bd8-b040-ff550a0d5ba5', '5.1'),
('e56263e9-cd10-4bd8-b040-ff550a0d5ba2', 'มีการจัดกิจกรรมพัฒนาผู้เรียน', 'e46263e9-cd10-4bd8-b040-ff550a0d5ba5', '5.2'),
('e56263e9-cd10-4bd8-b040-ff550a0d5ba3', 'มีหนังสือเรียนเพียงพอกับนักเรียน', 'e46263e9-cd10-4bd8-b040-ff550a0d5ba5', '5.3');

INSERT INTO `result_rsf` (`id`, `score`, `rsf_question_id`, `school_supervision_form_id`, `created_at`, `updated_at`) VALUES
('0017ef09-3149-4e16-ab42-f9c5a70476fc', 3, 'e56263e9-cd10-4bd8-b040-ff550a0d5ba1', '99e8a718-6a5a-49ea-92ed-fa9334e791fc', '2023-08-08 14:48:15', '2023-08-08 14:48:15'),
('002143b2-e350-482e-ab08-97d215df2c46', 3, 'e56263e9-cd10-4bd8-b040-ff550a0d3ba4', 'fa2cac38-785d-4b3d-a7f6-1fd60e41f39e', '2023-08-08 14:55:23', '2023-08-08 14:55:23'),
('0066f008-5af3-4ad5-b788-29915ba79991', 3, 'e56263e9-cd10-4bd8-b040-ff550a0d5ba1', 'fa2cac38-785d-4b3d-a7f6-1fd60e41f39e', '2023-08-08 14:55:30', '2023-08-08 14:55:30'),
('01875f05-1bba-40f0-915e-ca5acca8e0ec', 4, 'e42f2e98-aec0-48ae-a6e0-586e0bda3e04', 'f1260f45-2959-4fa7-b05e-624d263a55dc', '2023-08-08 14:47:14', '2023-08-08 14:47:14'),
('019e14d9-b2b4-4457-ae19-5306457f0538', 4, 'e42f2e98-aec0-48ae-a6e0-586e0bda2e05', 'e0881f24-7203-4cae-b6b0-1f53b3690048', '2023-08-08 14:44:34', '2023-08-08 14:44:34'),
('01a450cc-a703-42bb-8fe8-62ab61714dd7', 2, 'e42f2e98-aec0-48ae-a6e0-586e0bda2e01', '6d7bc751-bdd2-47a8-afdf-c8df9f9c14d8', '2023-08-08 14:53:12', '2023-08-08 14:53:12'),
('02ad03bb-ad3f-43a6-ae22-18575d1c88e0', 3, 'e56263e9-cd10-4bd8-b040-ff550a0d4ba3', 'fa2cac38-785d-4b3d-a7f6-1fd60e41f39e', '2023-08-08 14:55:32', '2023-08-08 14:55:32'),
('031ff616-8c38-4708-9754-97d827a587bd', 4, 'e56263e9-cd10-4bd8-b040-ff550a0d1ba3', '000f3d12-f286-447b-aede-80da6abbc04c', '2023-08-09 07:48:24', '2023-08-09 07:48:24'),
('032a0a75-d8bf-46fc-9d24-d2f6aa2b3348', 3, 'e42f2e98-aec0-48ae-a6e0-586e0bda3e01', '6a0ad3ce-3fb5-4d1e-bebe-415df0b91b60', '2023-08-08 14:50:24', '2023-08-08 14:50:24'),
('036c0209-ab22-47e1-be4c-e90e92dfbeb7', 4, 'e56263e9-cd10-4bd8-b040-ff550a0d4ba5', 'bc03474d-89cc-4446-9393-e31c95d4114b', '2023-08-08 14:52:58', '2023-08-08 14:52:58'),
('039886b1-bbae-42f3-a448-1f4ba6c9701e', 4, 'e56263e9-cd10-4bd8-b040-ff550a0d2ba5', '99e8a718-6a5a-49ea-92ed-fa9334e791fc', '2023-08-08 14:48:01', '2023-08-08 14:48:01'),
('03b676dd-d323-443b-9cba-63e3702f7999', 3, 'e56263e9-cd10-4bd8-b040-ff550a0d4ba2', '99e8a718-6a5a-49ea-92ed-fa9334e791fc', '2023-08-08 14:48:11', '2023-08-08 14:48:11'),
('05339be6-2ec1-40a6-9667-d0c6f01043a8', 4, 'e56263e9-cd10-4bd8-b040-ff550a0d3ba4', '99e8a718-6a5a-49ea-92ed-fa9334e791fc', '2023-08-08 14:48:07', '2023-08-08 14:48:07'),
('0533e251-9aba-41a8-a268-9b43e9e3b7c9', 5, 'e42f2e98-aec0-48ae-a6e0-586e0bda3e04', '18506a58-cab9-41ea-a929-8c15a6c31eec', '2023-08-08 14:48:39', '2023-08-08 14:48:39'),
('05f18f15-7aef-42aa-b176-53c0af809f62', 2, 'e56263e9-cd10-4bd8-b040-ff550a0d2ba1', 'bc03474d-89cc-4446-9393-e31c95d4114b', '2023-08-08 14:52:45', '2023-08-08 14:52:45'),
('081debd3-a662-40f1-8df8-1b49b3abefd4', 2, 'e56263e9-cd10-4bd8-b040-ff550a0d1ba1', 'fa2cac38-785d-4b3d-a7f6-1fd60e41f39e', '2023-08-08 14:55:14', '2023-08-08 14:55:14'),
('088dadd6-6f5e-412f-a1d5-d367413937fc', 3, 'e56263e9-cd10-4bd8-b040-ff550a0d5ba2', '01274c96-244c-4b58-aa70-2ee033e892da', '2023-08-08 14:46:56', '2023-08-08 14:46:56'),
('092af028-540b-4d17-8d21-945e5ce3fd55', 4, 'e42f2e98-aec0-48ae-a6e0-586e0bda2e02', 'f36c610b-f4e6-4a6f-a10d-8197880386e9', '2023-08-08 14:45:55', '2023-08-08 14:45:55'),
('09b653d5-c366-4320-8707-f678ae43141b', 4, 'e56263e9-cd10-4bd8-b040-ff550a0d4ba3', '01274c96-244c-4b58-aa70-2ee033e892da', '2023-08-08 14:46:52', '2023-08-08 14:46:52'),
('09cbcc5e-4a2e-450c-8c16-510f31a1e43a', 4, 'e56263e9-cd10-4bd8-b040-ff550a0d2ba5', '01274c96-244c-4b58-aa70-2ee033e892da', '2023-08-08 14:46:42', '2023-08-08 14:46:42'),
('0bdc8605-246e-41cb-a32b-9784e09b2e84', 3, 'e42f2e98-aec0-48ae-a6e0-586e0bda2e03', '4b7dd324-dac5-43c2-b68a-437926633429', '2023-08-09 07:52:57', '2023-08-09 07:52:57'),
('0c530cbe-8e22-4b90-ac8e-bea3482531bb', 3, 'e42f2e98-aec0-48ae-a6e0-586e0bda3e02', 'f1260f45-2959-4fa7-b05e-624d263a55dc', '2023-08-08 14:47:13', '2023-08-08 14:47:13'),
('0ca7f005-1969-4d4d-b988-3e31acc84cea', 4, 'e42f2e98-aec0-48ae-a6e0-586e0bda1e04', '6d7bc751-bdd2-47a8-afdf-c8df9f9c14d8', '2023-08-08 14:53:08', '2023-08-08 14:53:08'),
('0cb50e43-1030-4eab-a021-7188247e5867', 4, 'e42f2e98-aec0-48ae-a6e0-586e0bda1e01', '4b7dd324-dac5-43c2-b68a-437926633429', '2023-08-09 07:52:47', '2023-08-09 07:52:47'),
('0cfbbe1d-3ce6-4ca3-a2ea-402fc60ed106', 2, 'e42f2e98-aec0-48ae-a6e0-586e0bda1e01', 'f36c610b-f4e6-4a6f-a10d-8197880386e9', '2023-08-13 22:59:12', '2023-08-13 22:59:12'),
('0d1734f1-aadc-4afc-a88d-9544e1b80d2c', 3, 'e56263e9-cd10-4bd8-b040-ff550a0d4ba2', 'bc03474d-89cc-4446-9393-e31c95d4114b', '2023-08-08 14:52:57', '2023-08-08 14:52:57'),
('0d4073b7-6e7f-4d80-9b08-d132405f72f0', 2, 'e42f2e98-aec0-48ae-a6e0-586e0bda3e01', '6d7bc751-bdd2-47a8-afdf-c8df9f9c14d8', '2023-08-08 14:53:17', '2023-08-08 14:53:17'),
('0d4936a4-b82f-4ccc-b565-bb96bba13941', 4, 'e56263e9-cd10-4bd8-b040-ff550a0d1ba2', '81fca6a2-571f-42e6-9bb8-f917690b50cf', '2023-08-09 08:04:55', '2023-08-09 08:04:55'),
('0d8a5fee-0d37-4af2-9288-572d1aa921f0', 3, 'e56263e9-cd10-4bd8-b040-ff550a0d2ba2', 'fa2cac38-785d-4b3d-a7f6-1fd60e41f39e', '2023-08-08 14:55:16', '2023-08-08 14:55:16'),
('0e4a018d-3bd8-42c8-b600-d2d93aa86183', 3, 'e56263e9-cd10-4bd8-b040-ff550a0d2ba1', 'cecd9a09-5a56-49fa-bc1e-d90fe0acaeb9', '2023-08-08 14:45:27', '2023-08-08 14:45:27'),
('0ed28fc9-81e3-44e7-9dc1-ecfd745b6452', 2, 'e56263e9-cd10-4bd8-b040-ff550a0d4ba1', 'cecd9a09-5a56-49fa-bc1e-d90fe0acaeb9', '2023-08-08 14:45:38', '2023-08-08 14:45:38'),
('0ed64e65-2c08-42b6-bf04-38767c9c645e', 4, 'e42f2e98-aec0-48ae-a6e0-586e0bda3e03', 'f36c610b-f4e6-4a6f-a10d-8197880386e9', '2023-08-08 14:46:01', '2023-08-08 14:46:01'),
('0f1492da-c551-47fd-8094-ae445b718f96', 3, 'e56263e9-cd10-4bd8-b040-ff550a0d5ba2', 'fa2cac38-785d-4b3d-a7f6-1fd60e41f39e', '2023-08-08 14:55:30', '2023-08-08 14:55:30'),
('0fd076ca-b21a-43bf-9e51-79736fcf9e25', 3, 'e56263e9-cd10-4bd8-b040-ff550a0d4ba3', '000f3d12-f286-447b-aede-80da6abbc04c', '2023-08-09 07:51:49', '2023-08-09 07:51:49'),
('10bf5a04-20b5-4811-8f69-37e2237f80f4', 4, 'e42f2e98-aec0-48ae-a6e0-586e0bda2e05', 'ea2220d4-e512-4b69-925b-1a8c25b1de8a', '2023-08-08 14:51:33', '2023-08-08 14:51:33'),
('1304f2d3-5b55-49ed-8000-f682135d9c8d', 3, 'e56263e9-cd10-4bd8-b040-ff550a0d1ba1', '0984872e-0a9f-404c-b035-e992db44c36a', '2023-08-08 14:51:00', '2023-08-08 14:51:00'),
('137f5fdf-3d34-454a-9a32-57c39ab4263e', 3, 'e56263e9-cd10-4bd8-b040-ff550a0d4ba5', 'cecd9a09-5a56-49fa-bc1e-d90fe0acaeb9', '2023-08-08 14:45:39', '2023-08-08 14:45:39'),
('13a89531-9a3b-453d-91d8-fa058bb76f3e', 2, 'e42f2e98-aec0-48ae-a6e0-586e0bda2e01', 'b52d30cd-8fc5-4734-ab6d-b02212567044', '2023-08-06 14:35:08', '2023-08-06 14:35:08'),
('14f3b208-5435-4255-89c9-82b783215241', 3, 'e56263e9-cd10-4bd8-b040-ff550a0d5ba1', 'bc03474d-89cc-4446-9393-e31c95d4114b', '2023-08-08 14:53:00', '2023-08-08 14:53:00'),
('150ca913-5485-45ff-b1ab-d7222014e89a', 4, 'e42f2e98-aec0-48ae-a6e0-586e0bda2e03', '8cee41d5-9427-4f0f-b34c-6646f3d983ae', '2023-08-08 14:54:26', '2023-08-08 14:54:26'),
('151ed116-96a3-44a0-a7cc-971bcf189fba', 3, 'e42f2e98-aec0-48ae-a6e0-586e0bda3e02', 'f36c610b-f4e6-4a6f-a10d-8197880386e9', '2023-08-08 14:46:01', '2023-08-08 14:46:01'),
('15236e84-a5dd-46a6-b023-d994392aec70', 3, 'e56263e9-cd10-4bd8-b040-ff550a0d2ba1', 'fa2cac38-785d-4b3d-a7f6-1fd60e41f39e', '2023-08-08 14:55:16', '2023-08-08 14:55:16'),
('16e18680-e71f-4d5c-bfd9-91f8bcab7d15', 4, 'e56263e9-cd10-4bd8-b040-ff550a0d1ba3', '0984872e-0a9f-404c-b035-e992db44c36a', '2023-08-08 14:51:00', '2023-08-08 14:51:00'),
('18e2a716-00ac-41dd-bd50-ed05a0549532', 2, 'e42f2e98-aec0-48ae-a6e0-586e0bda2e01', '4b7dd324-dac5-43c2-b68a-437926633429', '2023-08-09 07:52:54', '2023-08-09 07:52:54'),
('199d9a85-600c-4eb8-90d1-5060e3510f4c', 4, 'e42f2e98-aec0-48ae-a6e0-586e0bda2e03', 'b52d30cd-8fc5-4734-ab6d-b02212567044', '2023-08-06 14:35:09', '2023-08-06 14:35:09'),
('1b12f29f-11d3-40bb-81ed-2d42c02cc073', 3, 'e56263e9-cd10-4bd8-b040-ff550a0d4ba2', '63d9c9f3-e6aa-46df-a1b0-30ad8e43dcf7', '2023-08-08 14:43:55', '2023-08-08 14:43:55'),
('1c314893-b5f2-41f9-8390-23c1ffc47ca2', 2, 'e42f2e98-aec0-48ae-a6e0-586e0bda1e01', '6a0ad3ce-3fb5-4d1e-bebe-415df0b91b60', '2023-08-08 14:50:13', '2023-08-08 14:50:13'),
('1c4c4246-d8ff-4665-935d-be103865c872', 2, 'e56263e9-cd10-4bd8-b040-ff550a0d3ba1', 'bc03474d-89cc-4446-9393-e31c95d4114b', '2023-08-08 14:52:51', '2023-08-08 14:52:51'),
('1c92d370-2350-4088-a94d-bdf7c2b6d047', 4, 'e42f2e98-aec0-48ae-a6e0-586e0bda3e04', 'e0881f24-7203-4cae-b6b0-1f53b3690048', '2023-08-08 14:44:38', '2023-08-08 14:44:38'),
('1cd39ab9-3696-47de-bfdb-fe61aed566dd', 4, 'e56263e9-cd10-4bd8-b040-ff550a0d2ba5', 'f3deb0c6-12bc-48a0-bc0b-2f3060e628db', '2023-08-08 14:54:00', '2023-08-08 14:54:00'),
('1ce504df-ef58-4364-886f-d59c27c5d9c5', 3, 'e42f2e98-aec0-48ae-a6e0-586e0bda1e01', 'e0881f24-7203-4cae-b6b0-1f53b3690048', '2023-08-08 14:44:28', '2023-08-08 14:44:28'),
('1d4531f6-e0a8-46a1-ac30-c5289c10d81a', 4, 'e56263e9-cd10-4bd8-b040-ff550a0d2ba5', '3292cb8e-9d58-4e25-bd96-bba74ded0e93', '2023-08-06 14:34:39', '2023-08-06 14:34:39'),
('1d84d312-4a95-44a5-9d90-3035e4bebee6', 2, 'e42f2e98-aec0-48ae-a6e0-586e0bda1e02', 'f36c610b-f4e6-4a6f-a10d-8197880386e9', '2023-08-08 14:45:49', '2023-08-08 14:45:49'),
('1db69e96-efad-4f19-b2af-e4b108df10c6', 3, 'e56263e9-cd10-4bd8-b040-ff550a0d4ba1', '0984872e-0a9f-404c-b035-e992db44c36a', '2023-08-08 14:51:14', '2023-08-08 14:51:14'),
('1e7854da-7bf4-472e-b676-0018645c89dd', 3, 'e56263e9-cd10-4bd8-b040-ff550a0d3ba3', '4e3d87de-5625-4224-bfd4-6b0c6da17c56', '2023-08-08 14:49:56', '2023-08-08 14:49:56'),
('1e9e4cd9-90f0-4191-9cc3-e942e633d03a', 4, 'e56263e9-cd10-4bd8-b040-ff550a0d4ba5', 'f3deb0c6-12bc-48a0-bc0b-2f3060e628db', '2023-08-08 14:54:11', '2023-08-08 14:54:11'),
('1ec377d5-b23c-4745-a8ce-2d6557c24982', 2, 'e42f2e98-aec0-48ae-a6e0-586e0bda1e01', '6d7bc751-bdd2-47a8-afdf-c8df9f9c14d8', '2023-08-08 14:53:07', '2023-08-08 14:53:07'),
('1f370f05-e02e-4ea5-a6fb-3872a9d31ede', 3, 'e56263e9-cd10-4bd8-b040-ff550a0d2ba5', 'bc03474d-89cc-4446-9393-e31c95d4114b', '2023-08-08 14:52:47', '2023-08-08 14:52:47'),
('210a6bb2-c9bf-4921-919b-9e882df1b05c', 4, 'e56263e9-cd10-4bd8-b040-ff550a0d1ba3', '4e3d87de-5625-4224-bfd4-6b0c6da17c56', '2023-08-08 14:49:46', '2023-08-08 14:49:46'),
('214641c2-3880-4581-be0f-b819ad11a3fc', 3, 'e42f2e98-aec0-48ae-a6e0-586e0bda2e02', '6a0ad3ce-3fb5-4d1e-bebe-415df0b91b60', '2023-08-08 14:50:19', '2023-08-08 14:50:19'),
('21e20734-1fca-4038-b9d2-fb576a3cad9e', 4, 'e56263e9-cd10-4bd8-b040-ff550a0d1ba3', '63d9c9f3-e6aa-46df-a1b0-30ad8e43dcf7', '2023-08-08 14:43:40', '2023-08-08 14:43:40'),
('21ea8e45-ffc7-4211-a748-745161eefab3', 5, 'e42f2e98-aec0-48ae-a6e0-586e0bda3e04', '6d7bc751-bdd2-47a8-afdf-c8df9f9c14d8', '2023-08-08 14:53:18', '2023-08-08 14:53:18'),
('22087bbc-a21e-491a-ab93-3800ddb5be15', 4, 'e56263e9-cd10-4bd8-b040-ff550a0d1ba5', '4e3d87de-5625-4224-bfd4-6b0c6da17c56', '2023-08-08 14:49:46', '2023-08-08 14:49:46'),
('2355cfa2-8819-42f8-8c58-a4d9b69ebedb', 4, 'e56263e9-cd10-4bd8-b040-ff550a0d2ba5', 'cecd9a09-5a56-49fa-bc1e-d90fe0acaeb9', '2023-08-08 14:45:28', '2023-08-08 14:45:28'),
('236b4f9a-7da5-45d3-8c22-8e280c79ed54', 2, 'e56263e9-cd10-4bd8-b040-ff550a0d3ba1', 'cecd9a09-5a56-49fa-bc1e-d90fe0acaeb9', '2023-08-08 14:45:33', '2023-08-08 14:45:33'),
('244cc778-c22d-4cd3-8c05-2fc9323b4312', 4, 'e56263e9-cd10-4bd8-b040-ff550a0d4ba3', '63d9c9f3-e6aa-46df-a1b0-30ad8e43dcf7', '2023-08-08 14:43:56', '2023-08-08 14:43:56'),
('24d7e470-bb2a-4f36-8ee0-a64ca3a36786', 5, 'e56263e9-cd10-4bd8-b040-ff550a0d3ba5', '63d9c9f3-e6aa-46df-a1b0-30ad8e43dcf7', '2023-08-08 14:43:51', '2023-08-08 14:43:51'),
('24f5f653-79ea-447b-bfda-bbd33aaed368', 3, 'e56263e9-cd10-4bd8-b040-ff550a0d3ba4', 'cecd9a09-5a56-49fa-bc1e-d90fe0acaeb9', '2023-08-08 14:45:34', '2023-08-08 14:45:34'),
('25409edf-6b8e-4ce1-86fe-090cea766828', 4, 'e56263e9-cd10-4bd8-b040-ff550a0d2ba3', '000f3d12-f286-447b-aede-80da6abbc04c', '2023-08-09 07:48:36', '2023-08-09 07:48:36'),
('254197d1-7d3d-4ff2-972a-b06c6755d45b', 3, 'e56263e9-cd10-4bd8-b040-ff550a0d3ba4', '000f3d12-f286-447b-aede-80da6abbc04c', '2023-08-09 07:49:45', '2023-08-09 07:49:45'),
('257d9a9e-62fa-489f-a759-f1b5eb022f9d', 4, 'e56263e9-cd10-4bd8-b040-ff550a0d5ba2', '4e3d87de-5625-4224-bfd4-6b0c6da17c56', '2023-08-08 14:50:05', '2023-08-08 14:50:05'),
('262a1854-eff8-41d4-8c0a-54f5363f41c6', 3, 'e56263e9-cd10-4bd8-b040-ff550a0d3ba1', '000f3d12-f286-447b-aede-80da6abbc04c', '2023-08-09 07:48:42', '2023-08-09 07:48:42'),
('2670b3ae-948d-4782-97d1-afa669820ca2', 4, 'e42f2e98-aec0-48ae-a6e0-586e0bda2e04', '4b7dd324-dac5-43c2-b68a-437926633429', '2023-08-09 07:52:58', '2023-08-09 07:52:58'),
('268ff769-c9e8-4712-bd2a-a684449155d1', 3, 'e42f2e98-aec0-48ae-a6e0-586e0bda3e02', 'e0881f24-7203-4cae-b6b0-1f53b3690048', '2023-08-08 14:44:37', '2023-08-08 14:44:37'),
('26f29c78-17f9-44a8-9543-e25a5f6569f7', 3, 'e56263e9-cd10-4bd8-b040-ff550a0d1ba2', 'bc03474d-89cc-4446-9393-e31c95d4114b', '2023-08-08 14:52:43', '2023-08-08 14:52:43'),
('2765352c-6eea-46cd-b360-817a958cf379', 3, 'e56263e9-cd10-4bd8-b040-ff550a0d5ba1', 'f3deb0c6-12bc-48a0-bc0b-2f3060e628db', '2023-08-08 14:54:14', '2023-08-08 14:54:14'),
('278f4611-309a-4d91-b428-f05f2d69774d', 3, 'e42f2e98-aec0-48ae-a6e0-586e0bda1e02', 'e0881f24-7203-4cae-b6b0-1f53b3690048', '2023-08-08 14:44:28', '2023-08-08 14:44:28'),
('27d89b4f-bc4c-4130-acc3-a5c7c29d8973', 3, 'e56263e9-cd10-4bd8-b040-ff550a0d5ba1', '0984872e-0a9f-404c-b035-e992db44c36a', '2023-08-08 14:51:18', '2023-08-08 14:51:18'),
('2826cf00-f4ec-430c-85e9-c2ec50c7be01', 3, 'e56263e9-cd10-4bd8-b040-ff550a0d1ba1', '99e8a718-6a5a-49ea-92ed-fa9334e791fc', '2023-08-08 14:47:55', '2023-08-08 14:47:55'),
('288b1c2d-c4b6-45e1-a212-c1d47db36011', 4, 'e56263e9-cd10-4bd8-b040-ff550a0d1ba5', '81fca6a2-571f-42e6-9bb8-f917690b50cf', '2023-08-09 08:04:56', '2023-08-09 08:04:56'),
('29985fe2-7439-4b5c-bfec-595867a5df34', 3, 'e56263e9-cd10-4bd8-b040-ff550a0d2ba5', '000f3d12-f286-447b-aede-80da6abbc04c', '2023-08-09 07:48:39', '2023-08-09 07:48:39'),
('29eab811-87ed-4efd-8881-7aee67803f75', 4, 'e56263e9-cd10-4bd8-b040-ff550a0d5ba3', '01274c96-244c-4b58-aa70-2ee033e892da', '2023-08-08 14:46:57', '2023-08-08 14:46:57'),
('2bc4f454-f774-4230-b682-d09e15cf6655', 4, 'e42f2e98-aec0-48ae-a6e0-586e0bda3e03', '7a0f5778-4abc-4df0-b0c7-6e073269bea0', '2023-08-08 14:55:49', '2023-08-08 14:55:49'),
('2bc65437-df1e-4fc6-b419-bb9a4b9095ed', 4, 'e56263e9-cd10-4bd8-b040-ff550a0d1ba4', 'f3deb0c6-12bc-48a0-bc0b-2f3060e628db', '2023-08-08 14:53:56', '2023-08-08 14:53:56'),
('2c84cd8e-82d6-4d77-91ad-a93c92a0fe5d', 4, 'e56263e9-cd10-4bd8-b040-ff550a0d4ba3', '4e3d87de-5625-4224-bfd4-6b0c6da17c56', '2023-08-08 14:50:01', '2023-08-08 14:50:01'),
('2d914e81-87ee-460d-915e-5e7f7e2cd864', 5, 'e56263e9-cd10-4bd8-b040-ff550a0d4ba4', '4e3d87de-5625-4224-bfd4-6b0c6da17c56', '2023-08-08 14:50:02', '2023-08-08 14:50:02'),
('2dac1e7f-667c-4291-a22a-8e9d4b8c2c91', 3, 'e56263e9-cd10-4bd8-b040-ff550a0d1ba2', '0984872e-0a9f-404c-b035-e992db44c36a', '2023-08-08 14:51:00', '2023-08-08 14:51:00'),
('2e9191b8-fc5e-4f7f-80c5-bf921254404c', 3, 'e42f2e98-aec0-48ae-a6e0-586e0bda2e01', 'e0881f24-7203-4cae-b6b0-1f53b3690048', '2023-08-08 14:44:32', '2023-08-08 14:44:32'),
('2e986bb4-af94-4e58-a927-4c956207d047', 3, 'e56263e9-cd10-4bd8-b040-ff550a0d2ba2', '81fca6a2-571f-42e6-9bb8-f917690b50cf', '2023-08-09 08:05:00', '2023-08-09 08:05:00'),
('2ea264e8-b357-472a-a844-4a69c47bee72', 4, 'e56263e9-cd10-4bd8-b040-ff550a0d1ba5', '3292cb8e-9d58-4e25-bd96-bba74ded0e93', '2023-08-06 14:34:25', '2023-08-06 14:34:25'),
('2f50355c-16d3-460b-a3ce-6efd236a4df5', 4, 'e42f2e98-aec0-48ae-a6e0-586e0bda2e04', 'e0881f24-7203-4cae-b6b0-1f53b3690048', '2023-08-08 14:44:33', '2023-08-08 14:44:33'),
('2f7f26d3-534f-43db-bbc0-ad5c72571271', 3, 'e56263e9-cd10-4bd8-b040-ff550a0d1ba2', '99e8a718-6a5a-49ea-92ed-fa9334e791fc', '2023-08-08 14:47:55', '2023-08-08 14:47:55'),
('32170caf-f817-4a4a-911f-c2f046acd78e', 2, 'e56263e9-cd10-4bd8-b040-ff550a0d4ba5', '81fca6a2-571f-42e6-9bb8-f917690b50cf', '2023-08-09 08:05:14', '2023-08-09 08:05:14'),
('32636288-6ed2-45b0-8f76-91fd1b2fb898', 4, 'e56263e9-cd10-4bd8-b040-ff550a0d2ba4', '01274c96-244c-4b58-aa70-2ee033e892da', '2023-08-08 14:46:42', '2023-08-08 14:46:42'),
('3286561b-43d9-4b2b-9b8a-7fb0e52cfcb1', 4, 'e56263e9-cd10-4bd8-b040-ff550a0d3ba3', 'f3deb0c6-12bc-48a0-bc0b-2f3060e628db', '2023-08-08 14:54:07', '2023-08-08 14:54:07'),
('330fa8fd-6c10-461c-a9b8-618ed4e70b6d', 4, 'e56263e9-cd10-4bd8-b040-ff550a0d1ba3', 'bc03474d-89cc-4446-9393-e31c95d4114b', '2023-08-08 14:52:44', '2023-08-08 14:52:44'),
('34a19150-4d6c-4ff5-ac98-3a51e0bfb72b', 3, 'e56263e9-cd10-4bd8-b040-ff550a0d3ba5', 'cecd9a09-5a56-49fa-bc1e-d90fe0acaeb9', '2023-08-08 14:45:34', '2023-08-08 14:45:34'),
('35c29a9a-bd6b-4560-ad10-2e46cf0167c0', 4, 'e42f2e98-aec0-48ae-a6e0-586e0bda2e02', '18506a58-cab9-41ea-a929-8c15a6c31eec', '2023-08-08 14:48:30', '2023-08-08 14:48:30'),
('36ce9bc7-e0ac-487a-8758-b05dc600bd08', 4, 'e56263e9-cd10-4bd8-b040-ff550a0d5ba3', '63d9c9f3-e6aa-46df-a1b0-30ad8e43dcf7', '2023-08-08 14:44:07', '2023-08-08 14:44:07'),
('36e85f66-f43c-4b59-bb86-f13ddff3d968', 4, 'e42f2e98-aec0-48ae-a6e0-586e0bda2e05', '6a0ad3ce-3fb5-4d1e-bebe-415df0b91b60', '2023-08-08 14:50:20', '2023-08-08 14:50:20'),
('36ef65b5-4ccc-4491-a5e3-da8a8dd85be9', 3, 'e56263e9-cd10-4bd8-b040-ff550a0d1ba5', '01274c96-244c-4b58-aa70-2ee033e892da', '2023-08-08 14:46:38', '2023-08-08 14:46:38'),
('374bd07a-7dcf-4897-9901-441d506a0b11', 4, 'e42f2e98-aec0-48ae-a6e0-586e0bda3e05', '8cee41d5-9427-4f0f-b34c-6646f3d983ae', '2023-08-08 14:54:31', '2023-08-08 14:54:31'),
('3774a0c9-b70c-47d1-9d1c-0a05395e98df', 2, 'e56263e9-cd10-4bd8-b040-ff550a0d3ba1', 'f3deb0c6-12bc-48a0-bc0b-2f3060e628db', '2023-08-08 14:54:06', '2023-08-08 14:54:06'),
('37a99736-04d5-43b2-a8bb-a2fc655d24b5', 3, 'e56263e9-cd10-4bd8-b040-ff550a0d3ba2', 'cecd9a09-5a56-49fa-bc1e-d90fe0acaeb9', '2023-08-08 14:45:33', '2023-08-08 14:45:33'),
('3850a5b5-2819-436d-bc6a-5ae728d0c7b3', 4, 'e56263e9-cd10-4bd8-b040-ff550a0d3ba3', '63d9c9f3-e6aa-46df-a1b0-30ad8e43dcf7', '2023-08-08 14:43:50', '2023-08-08 14:43:50'),
('38857739-7224-4ced-8cdb-8824c38df005', 2, 'e42f2e98-aec0-48ae-a6e0-586e0bda1e01', '8cee41d5-9427-4f0f-b34c-6646f3d983ae', '2023-08-08 14:54:23', '2023-08-08 14:54:23'),
('38c4851f-548a-4ca6-9a86-cac07eb6fdb3', 4, 'e56263e9-cd10-4bd8-b040-ff550a0d4ba4', 'f3deb0c6-12bc-48a0-bc0b-2f3060e628db', '2023-08-08 14:54:10', '2023-08-08 14:54:10'),
('39550a38-14e5-4acf-bc5a-9cec2cdf0662', 4, 'e56263e9-cd10-4bd8-b040-ff550a0d1ba4', 'bc03474d-89cc-4446-9393-e31c95d4114b', '2023-08-08 14:52:44', '2023-08-08 14:52:44'),
('3a02f5f6-6619-43f3-816e-039540dc15c7', 4, 'e42f2e98-aec0-48ae-a6e0-586e0bda2e05', '6d7bc751-bdd2-47a8-afdf-c8df9f9c14d8', '2023-08-08 14:53:13', '2023-08-08 14:53:13'),
('3a3fdf24-bbd2-462d-9b74-354e68a104ce', 5, 'e42f2e98-aec0-48ae-a6e0-586e0bda1e04', '18506a58-cab9-41ea-a929-8c15a6c31eec', '2023-08-08 14:48:26', '2023-08-08 14:48:26'),
('3a871315-79b4-46c3-b360-6ac3ab6f172e', 3, 'e42f2e98-aec0-48ae-a6e0-586e0bda1e03', 'b52d30cd-8fc5-4734-ab6d-b02212567044', '2023-08-06 14:35:04', '2023-08-06 14:35:04'),
('3aa2da67-7ca5-461b-b1a7-1f7cd7e44a87', 3, 'e56263e9-cd10-4bd8-b040-ff550a0d1ba2', 'fa2cac38-785d-4b3d-a7f6-1fd60e41f39e', '2023-08-08 14:55:14', '2023-08-08 14:55:14'),
('3abadb91-732b-47c9-a813-60548e299f80', 2, 'e56263e9-cd10-4bd8-b040-ff550a0d2ba1', '3292cb8e-9d58-4e25-bd96-bba74ded0e93', '2023-08-06 14:34:37', '2023-08-06 14:34:37'),
('3b0904ab-02a5-4225-81e9-cff4abffaf17', 2, 'e56263e9-cd10-4bd8-b040-ff550a0d3ba5', '000f3d12-f286-447b-aede-80da6abbc04c', '2023-08-09 07:49:48', '2023-08-09 07:49:48'),
('3b10caed-2e23-431c-b272-2ce32df35d24', 3, 'e42f2e98-aec0-48ae-a6e0-586e0bda2e05', '18506a58-cab9-41ea-a929-8c15a6c31eec', '2023-08-08 14:48:32', '2023-08-08 14:48:32'),
('3b962ba7-929e-442e-8147-7985010bf2e7', 2, 'e56263e9-cd10-4bd8-b040-ff550a0d4ba1', 'f3deb0c6-12bc-48a0-bc0b-2f3060e628db', '2023-08-08 14:54:09', '2023-08-08 14:54:09'),
('3b9b1705-3889-4da0-9c06-2ffdb49805a7', 3, 'e56263e9-cd10-4bd8-b040-ff550a0d5ba3', 'cecd9a09-5a56-49fa-bc1e-d90fe0acaeb9', '2023-08-08 14:45:42', '2023-08-08 14:45:42'),
('3ba7fa19-1b07-4dcf-83fd-aa9473fcbbcf', 3, 'e56263e9-cd10-4bd8-b040-ff550a0d1ba3', '01274c96-244c-4b58-aa70-2ee033e892da', '2023-08-08 14:46:37', '2023-08-08 14:46:37'),
('3d788c1c-894b-40a8-bd3b-ab10faafca63', 5, 'e42f2e98-aec0-48ae-a6e0-586e0bda2e01', '7a0f5778-4abc-4df0-b0c7-6e073269bea0', '2023-08-08 14:55:43', '2023-08-08 14:55:43'),
('3d8d3315-4372-4704-94f7-15dd519dd990', 3, 'e56263e9-cd10-4bd8-b040-ff550a0d5ba2', 'f3deb0c6-12bc-48a0-bc0b-2f3060e628db', '2023-08-08 14:54:14', '2023-08-08 14:54:14'),
('3dcd0071-a663-443e-8fc4-75f9cdbb0de4', 4, 'e56263e9-cd10-4bd8-b040-ff550a0d5ba3', '99e8a718-6a5a-49ea-92ed-fa9334e791fc', '2023-08-08 14:48:16', '2023-08-08 14:48:16'),
('3eb37273-e5ee-4785-9fed-e6a5c85d67e5', 3, 'e56263e9-cd10-4bd8-b040-ff550a0d2ba2', '01274c96-244c-4b58-aa70-2ee033e892da', '2023-08-08 14:46:41', '2023-08-08 14:46:41'),
('3f789213-b19c-4486-b60e-454ab0bc5d90', 2, 'e42f2e98-aec0-48ae-a6e0-586e0bda3e02', '18506a58-cab9-41ea-a929-8c15a6c31eec', '2023-08-08 14:48:38', '2023-08-08 14:48:38'),
('3fce8991-dcc6-4034-8f8f-221744b0e5d7', 4, 'e56263e9-cd10-4bd8-b040-ff550a0d3ba3', '81fca6a2-571f-42e6-9bb8-f917690b50cf', '2023-08-09 08:05:05', '2023-08-09 08:05:05'),
('40ceb1e5-3435-4f31-b1ac-2b1019c05b1a', 3, 'e56263e9-cd10-4bd8-b040-ff550a0d2ba1', '81fca6a2-571f-42e6-9bb8-f917690b50cf', '2023-08-09 08:05:00', '2023-08-09 08:05:00'),
('40dc3b40-ca99-4c54-8324-c04338410121', 4, 'e56263e9-cd10-4bd8-b040-ff550a0d3ba3', '3292cb8e-9d58-4e25-bd96-bba74ded0e93', '2023-08-06 14:34:45', '2023-08-06 14:34:45'),
('40eb5c1b-3335-43bd-8602-385eacc8d20d', 4, 'e56263e9-cd10-4bd8-b040-ff550a0d2ba4', 'f3deb0c6-12bc-48a0-bc0b-2f3060e628db', '2023-08-08 14:54:00', '2023-08-08 14:54:00'),
('411675f4-0bfd-41e6-a456-ad5490890da7', 2, 'e56263e9-cd10-4bd8-b040-ff550a0d2ba2', '000f3d12-f286-447b-aede-80da6abbc04c', '2023-08-09 07:48:34', '2023-08-09 07:48:34'),
('4156b6c7-b600-4709-9f6e-290b18f14775', 4, 'e42f2e98-aec0-48ae-a6e0-586e0bda1e03', 'e0881f24-7203-4cae-b6b0-1f53b3690048', '2023-08-08 14:44:29', '2023-08-08 14:44:29'),
('41f6e8d3-262a-481a-b1c4-c61922a147ed', 4, 'e42f2e98-aec0-48ae-a6e0-586e0bda2e04', '6d7bc751-bdd2-47a8-afdf-c8df9f9c14d8', '2023-08-08 14:53:13', '2023-08-08 14:53:13'),
('43707571-219c-491e-954c-469dd8a61c5f', 4, 'e42f2e98-aec0-48ae-a6e0-586e0bda1e03', '6d7bc751-bdd2-47a8-afdf-c8df9f9c14d8', '2023-08-08 14:53:08', '2023-08-08 14:53:08'),
('43c321df-c77d-439f-816b-d8d54a938872', 4, 'e56263e9-cd10-4bd8-b040-ff550a0d2ba4', 'fa2cac38-785d-4b3d-a7f6-1fd60e41f39e', '2023-08-08 14:55:18', '2023-08-08 14:55:18'),
('44161184-ae55-44d6-9d4c-3158e958c5be', 4, 'e56263e9-cd10-4bd8-b040-ff550a0d1ba5', '63d9c9f3-e6aa-46df-a1b0-30ad8e43dcf7', '2023-08-08 14:43:41', '2023-08-08 14:43:41'),
('4503a17b-6a7c-461f-904f-29a182647041', 4, 'e42f2e98-aec0-48ae-a6e0-586e0bda3e03', '6a0ad3ce-3fb5-4d1e-bebe-415df0b91b60', '2023-08-08 14:50:24', '2023-08-08 14:50:24'),
('451c5a31-3bf2-4699-bd07-c8ab9111c3f1', 4, 'e42f2e98-aec0-48ae-a6e0-586e0bda3e04', 'f36c610b-f4e6-4a6f-a10d-8197880386e9', '2023-08-08 14:46:02', '2023-08-08 14:46:02'),
('45809d10-bb2c-4ce2-a327-f3a7008a34dd', 3, 'e56263e9-cd10-4bd8-b040-ff550a0d3ba3', 'cecd9a09-5a56-49fa-bc1e-d90fe0acaeb9', '2023-08-08 14:45:33', '2023-08-08 14:45:33'),
('459cb991-4b86-40b6-a355-ae7d7f1b55b4', 4, 'e56263e9-cd10-4bd8-b040-ff550a0d2ba2', '99e8a718-6a5a-49ea-92ed-fa9334e791fc', '2023-08-08 14:48:00', '2023-08-08 14:48:00'),
('45f918a3-38d4-4df1-a5c2-4120221dd472', 4, 'e56263e9-cd10-4bd8-b040-ff550a0d2ba5', 'fa2cac38-785d-4b3d-a7f6-1fd60e41f39e', '2023-08-08 14:55:17', '2023-08-08 14:55:17'),
('462b96d2-b776-4233-bf97-9594861a7546', 3, 'e56263e9-cd10-4bd8-b040-ff550a0d5ba2', 'cecd9a09-5a56-49fa-bc1e-d90fe0acaeb9', '2023-08-08 14:45:42', '2023-08-08 14:45:42'),
('47a337df-38d0-4989-94cb-72462cd725f6', 4, 'e42f2e98-aec0-48ae-a6e0-586e0bda3e02', '6d7bc751-bdd2-47a8-afdf-c8df9f9c14d8', '2023-08-08 14:53:18', '2023-08-08 14:53:18'),
('47d127fd-2e64-48ff-b691-3f553b478ae4', 2, 'e42f2e98-aec0-48ae-a6e0-586e0bda1e01', '7a0f5778-4abc-4df0-b0c7-6e073269bea0', '2023-08-08 14:55:41', '2023-08-08 14:55:41'),
('47e7e6a5-4652-4bb0-95c0-96ffae3f27f7', 3, 'e56263e9-cd10-4bd8-b040-ff550a0d2ba4', 'bc03474d-89cc-4446-9393-e31c95d4114b', '2023-08-08 14:52:48', '2023-08-08 14:52:48'),
('48f19bd4-521d-42a7-859c-9f5b89f2896a', 2, 'e42f2e98-aec0-48ae-a6e0-586e0bda1e02', '6a0ad3ce-3fb5-4d1e-bebe-415df0b91b60', '2023-08-08 14:50:14', '2023-08-08 14:50:14'),
('48fcfa27-b22b-4277-a0c3-8603069f2d06', 3, 'e42f2e98-aec0-48ae-a6e0-586e0bda1e04', 'f36c610b-f4e6-4a6f-a10d-8197880386e9', '2023-08-08 14:45:49', '2023-08-08 14:45:49'),
('49321811-50fd-49f8-b8b0-9af6bce36cdf', 3, 'e56263e9-cd10-4bd8-b040-ff550a0d1ba2', '63d9c9f3-e6aa-46df-a1b0-30ad8e43dcf7', '2023-08-08 14:43:40', '2023-08-08 14:43:40'),
('49d341af-344f-4019-a1a9-7149a804ce43', 4, 'e42f2e98-aec0-48ae-a6e0-586e0bda3e03', 'f1260f45-2959-4fa7-b05e-624d263a55dc', '2023-08-08 14:47:14', '2023-08-08 14:47:14'),
('4b401b3f-9208-4119-bd50-800f9f67f35b', 4, 'e56263e9-cd10-4bd8-b040-ff550a0d2ba4', '000f3d12-f286-447b-aede-80da6abbc04c', '2023-08-09 07:48:37', '2023-08-09 07:48:37'),
('4b5338c3-e3bd-4af4-818b-09fb0d7d0486', 5, 'e56263e9-cd10-4bd8-b040-ff550a0d3ba5', '3292cb8e-9d58-4e25-bd96-bba74ded0e93', '2023-08-06 14:34:45', '2023-08-06 14:34:45'),
('4b6b8480-a426-4843-8da2-0241b3ba668c', 4, 'e42f2e98-aec0-48ae-a6e0-586e0bda2e03', '6a0ad3ce-3fb5-4d1e-bebe-415df0b91b60', '2023-08-08 14:50:19', '2023-08-08 14:50:19'),
('4b907b4e-ccb4-47e2-bf7e-33f39020cdce', 4, 'e42f2e98-aec0-48ae-a6e0-586e0bda2e03', 'ea2220d4-e512-4b69-925b-1a8c25b1de8a', '2023-08-08 14:51:33', '2023-08-08 14:51:33'),
('4cf68470-01d6-48bf-9bde-e3a8d3721211', 3, 'e56263e9-cd10-4bd8-b040-ff550a0d2ba1', 'f3deb0c6-12bc-48a0-bc0b-2f3060e628db', '2023-08-08 14:53:59', '2023-08-08 14:53:59'),
('4e9bc1b0-944b-4f9f-9c4c-2de805542968', 4, 'e56263e9-cd10-4bd8-b040-ff550a0d2ba3', 'fa2cac38-785d-4b3d-a7f6-1fd60e41f39e', '2023-08-08 14:55:17', '2023-08-08 14:55:17'),
('4ebeb4c1-1c77-4795-aca6-058e10dfc358', 4, 'e56263e9-cd10-4bd8-b040-ff550a0d3ba3', '99e8a718-6a5a-49ea-92ed-fa9334e791fc', '2023-08-08 14:48:06', '2023-08-08 14:48:06'),
('4fb54486-888c-4967-891f-3140a3073004', 4, 'e42f2e98-aec0-48ae-a6e0-586e0bda1e04', '6a0ad3ce-3fb5-4d1e-bebe-415df0b91b60', '2023-08-08 14:50:15', '2023-08-08 14:50:15'),
('50022385-86f7-40f4-84ac-ad2a791ae5df', 4, 'e56263e9-cd10-4bd8-b040-ff550a0d1ba4', '63d9c9f3-e6aa-46df-a1b0-30ad8e43dcf7', '2023-08-08 14:43:41', '2023-08-08 14:43:41'),
('5092332e-d769-4e9f-87a2-0fc4d94f1610', 3, 'e56263e9-cd10-4bd8-b040-ff550a0d4ba2', 'f3deb0c6-12bc-48a0-bc0b-2f3060e628db', '2023-08-08 14:54:10', '2023-08-08 14:54:10'),
('52f26184-411a-426c-817b-98ac431dcdc0', 3, 'e56263e9-cd10-4bd8-b040-ff550a0d3ba5', 'fa2cac38-785d-4b3d-a7f6-1fd60e41f39e', '2023-08-08 14:55:23', '2023-08-08 14:55:23'),
('54d26dde-3390-47f1-b7a5-8c66e7722c67', 3, 'e56263e9-cd10-4bd8-b040-ff550a0d1ba1', '01274c96-244c-4b58-aa70-2ee033e892da', '2023-08-08 14:46:36', '2023-08-08 14:46:36'),
('56a018a1-3bba-471e-8e32-7089aac8b6f6', 4, 'e56263e9-cd10-4bd8-b040-ff550a0d3ba5', 'f3deb0c6-12bc-48a0-bc0b-2f3060e628db', '2023-08-08 14:54:07', '2023-08-08 14:54:07'),
('574c4b0a-3e67-4a7f-8ef7-677eb1f1c4e1', 3, 'e56263e9-cd10-4bd8-b040-ff550a0d5ba2', '3292cb8e-9d58-4e25-bd96-bba74ded0e93', '2023-08-06 14:34:54', '2023-08-06 14:34:54'),
('57b00d28-bd18-4517-b8d8-ff1b6d993600', 4, 'e56263e9-cd10-4bd8-b040-ff550a0d4ba2', '000f3d12-f286-447b-aede-80da6abbc04c', '2023-08-09 07:51:47', '2023-08-09 07:51:47'),
('58e0ec87-8013-493f-a6db-0d55ada825c3', 3, 'e56263e9-cd10-4bd8-b040-ff550a0d1ba5', '99e8a718-6a5a-49ea-92ed-fa9334e791fc', '2023-08-08 14:47:56', '2023-08-08 14:47:56'),
('5953cb07-1945-4864-841e-1c8d08bde4c6', 3, 'e56263e9-cd10-4bd8-b040-ff550a0d4ba2', '01274c96-244c-4b58-aa70-2ee033e892da', '2023-08-08 14:46:52', '2023-08-08 14:46:52'),
('5b62d665-889e-4f73-8056-7bfa8fb84d5e', 3, 'e56263e9-cd10-4bd8-b040-ff550a0d5ba2', '0984872e-0a9f-404c-b035-e992db44c36a', '2023-08-08 14:51:18', '2023-08-08 14:51:18'),
('5bcd2040-d4dd-438c-ad77-c3f2785a762a', 4, 'e42f2e98-aec0-48ae-a6e0-586e0bda2e03', 'f1260f45-2959-4fa7-b05e-624d263a55dc', '2023-08-08 14:47:09', '2023-08-08 14:47:09'),
('5c1d5988-2d84-4b4d-9cd9-b1aaf33c57dc', 3, 'e56263e9-cd10-4bd8-b040-ff550a0d1ba2', '4e3d87de-5625-4224-bfd4-6b0c6da17c56', '2023-08-08 14:49:45', '2023-08-08 14:49:45'),
('5c70b08d-7db1-4d9e-8c5c-d8112f01faff', 3, 'e56263e9-cd10-4bd8-b040-ff550a0d2ba1', '4e3d87de-5625-4224-bfd4-6b0c6da17c56', '2023-08-08 14:49:50', '2023-08-08 14:49:50'),
('5d1adecb-3acd-4d38-8ffe-288d26400402', 4, 'e42f2e98-aec0-48ae-a6e0-586e0bda2e03', '6d7bc751-bdd2-47a8-afdf-c8df9f9c14d8', '2023-08-08 14:53:13', '2023-08-08 14:53:13'),
('5d4f2e52-faa1-43c5-bea3-c166228c911e', 3, 'e56263e9-cd10-4bd8-b040-ff550a0d2ba1', '01274c96-244c-4b58-aa70-2ee033e892da', '2023-08-08 14:46:41', '2023-08-08 14:46:41'),
('5ddbdb6b-d2bd-438a-aec5-0c9a614b913a', 4, 'e56263e9-cd10-4bd8-b040-ff550a0d1ba4', '81fca6a2-571f-42e6-9bb8-f917690b50cf', '2023-08-09 08:04:56', '2023-08-09 08:04:56'),
('5e1eb640-da58-4edd-a90e-bd6514852728', 4, 'e56263e9-cd10-4bd8-b040-ff550a0d2ba4', 'cecd9a09-5a56-49fa-bc1e-d90fe0acaeb9', '2023-08-08 14:45:28', '2023-08-08 14:45:28'),
('5e744c58-9e8d-47c7-a462-b329045c04b2', 4, 'e56263e9-cd10-4bd8-b040-ff550a0d3ba5', '99e8a718-6a5a-49ea-92ed-fa9334e791fc', '2023-08-08 14:48:07', '2023-08-08 14:48:07'),
('5eae2c28-3ba0-455a-905e-5359ddf7226c', 2, 'e56263e9-cd10-4bd8-b040-ff550a0d3ba2', 'fa2cac38-785d-4b3d-a7f6-1fd60e41f39e', '2023-08-08 14:55:22', '2023-08-08 14:55:22'),
('5f3bff4e-a6c7-43b8-b186-8ebcae6b0263', 3, 'e56263e9-cd10-4bd8-b040-ff550a0d4ba3', 'cecd9a09-5a56-49fa-bc1e-d90fe0acaeb9', '2023-08-08 14:45:39', '2023-08-08 14:45:39'),
('5ff37607-5444-4630-b371-783242ea9834', 5, 'e42f2e98-aec0-48ae-a6e0-586e0bda2e02', '7a0f5778-4abc-4df0-b0c7-6e073269bea0', '2023-08-08 14:55:43', '2023-08-08 14:55:43'),
('604fb646-5b16-470a-a238-f6f1f8a38197', 4, 'e56263e9-cd10-4bd8-b040-ff550a0d2ba3', 'f3deb0c6-12bc-48a0-bc0b-2f3060e628db', '2023-08-08 14:54:00', '2023-08-08 14:54:00'),
('627d674f-bb82-4bb6-949d-49426bc58f96', 3, 'e56263e9-cd10-4bd8-b040-ff550a0d5ba2', '99e8a718-6a5a-49ea-92ed-fa9334e791fc', '2023-08-08 14:48:16', '2023-08-08 14:48:16'),
('62afee27-b095-4387-ac4d-8a518c519659', 4, 'e56263e9-cd10-4bd8-b040-ff550a0d2ba5', '0984872e-0a9f-404c-b035-e992db44c36a', '2023-08-08 14:51:06', '2023-08-08 14:51:06'),
('62b5f92d-c34c-4ce8-90ea-4a7c2ce7cb8f', 4, 'e56263e9-cd10-4bd8-b040-ff550a0d1ba5', 'bc03474d-89cc-4446-9393-e31c95d4114b', '2023-08-08 14:52:44', '2023-08-08 14:52:44'),
('63685917-a5aa-4c18-b585-721e31d1683d', 4, 'e56263e9-cd10-4bd8-b040-ff550a0d1ba1', '81fca6a2-571f-42e6-9bb8-f917690b50cf', '2023-08-09 08:04:55', '2023-08-09 08:04:55'),
('64018567-733d-4e6c-a04e-ed9f60801e32', 5, 'e56263e9-cd10-4bd8-b040-ff550a0d4ba5', '3292cb8e-9d58-4e25-bd96-bba74ded0e93', '2023-08-06 14:34:50', '2023-08-06 14:34:50'),
('647e5ffd-9907-4346-bb85-eb9dc2b6908c', 4, 'e42f2e98-aec0-48ae-a6e0-586e0bda2e04', '7a0f5778-4abc-4df0-b0c7-6e073269bea0', '2023-08-08 14:55:44', '2023-08-08 14:55:44'),
('65335650-93f6-4ece-ac04-b779b31ad445', 3, 'e56263e9-cd10-4bd8-b040-ff550a0d4ba2', '4e3d87de-5625-4224-bfd4-6b0c6da17c56', '2023-08-08 14:50:01', '2023-08-08 14:50:01'),
('65e90ada-87a5-4eaa-bca2-2c1931f5f510', 4, 'e56263e9-cd10-4bd8-b040-ff550a0d1ba4', '0984872e-0a9f-404c-b035-e992db44c36a', '2023-08-08 14:51:01', '2023-08-08 14:51:01'),
('6646e506-5c43-4019-88ae-17cdc3b09688', 3, 'e42f2e98-aec0-48ae-a6e0-586e0bda3e01', 'f36c610b-f4e6-4a6f-a10d-8197880386e9', '2023-08-08 14:46:00', '2023-08-08 14:46:00'),
('6808d413-022a-4351-b5c8-3111de5a2e48', 4, 'e56263e9-cd10-4bd8-b040-ff550a0d5ba3', 'f3deb0c6-12bc-48a0-bc0b-2f3060e628db', '2023-08-08 14:54:15', '2023-08-08 14:54:15'),
('68a8e6af-05af-4e68-ba9e-96f7ccc2ec74', 3, 'e42f2e98-aec0-48ae-a6e0-586e0bda3e01', '8cee41d5-9427-4f0f-b34c-6646f3d983ae', '2023-08-08 14:54:30', '2023-08-08 14:54:30'),
('68acf696-ca5d-4df6-9c52-3166a759fa17', 5, 'e42f2e98-aec0-48ae-a6e0-586e0bda2e05', 'f36c610b-f4e6-4a6f-a10d-8197880386e9', '2023-08-08 14:45:56', '2023-08-08 14:45:56'),
('69326743-dc51-4db2-9f51-fd5a0abf626e', 3, 'e56263e9-cd10-4bd8-b040-ff550a0d3ba2', '4e3d87de-5625-4224-bfd4-6b0c6da17c56', '2023-08-08 14:49:55', '2023-08-08 14:49:55'),
('6a641a77-6e9b-46db-9311-da2258a3dc31', 4, 'e56263e9-cd10-4bd8-b040-ff550a0d3ba4', 'f3deb0c6-12bc-48a0-bc0b-2f3060e628db', '2023-08-08 14:54:08', '2023-08-08 14:54:08'),
('6a7175c6-d696-4355-8195-5e62bde3a620', 4, 'e56263e9-cd10-4bd8-b040-ff550a0d3ba5', '0984872e-0a9f-404c-b035-e992db44c36a', '2023-08-08 14:51:11', '2023-08-08 14:51:11'),
('6b252ffd-9e97-4723-bb43-2309b7284952', 3, 'e56263e9-cd10-4bd8-b040-ff550a0d1ba2', '01274c96-244c-4b58-aa70-2ee033e892da', '2023-08-08 14:46:36', '2023-08-08 14:46:36'),
('6b4b0f87-a778-4d1e-b223-49e0fbe4a891', 3, 'e56263e9-cd10-4bd8-b040-ff550a0d3ba2', 'bc03474d-89cc-4446-9393-e31c95d4114b', '2023-08-08 14:52:52', '2023-08-08 14:52:52'),
('6b912707-a29f-4814-b1fc-ff836ed58b8f', 2, 'e56263e9-cd10-4bd8-b040-ff550a0d4ba1', '3292cb8e-9d58-4e25-bd96-bba74ded0e93', '2023-08-06 14:34:49', '2023-08-06 14:34:49'),
('6c069771-854c-4208-ae68-24a1e615c9d7', 2, 'e56263e9-cd10-4bd8-b040-ff550a0d1ba1', 'cecd9a09-5a56-49fa-bc1e-d90fe0acaeb9', '2023-08-08 14:45:22', '2023-08-08 14:45:22'),
('6d998b47-2300-4758-9f22-5a09f6d027bf', 4, 'e56263e9-cd10-4bd8-b040-ff550a0d4ba2', 'fa2cac38-785d-4b3d-a7f6-1fd60e41f39e', '2023-08-08 14:55:32', '2023-08-08 14:55:32'),
('6e55fb8d-0ed0-407d-a0e1-1f06440bcafe', 4, 'e42f2e98-aec0-48ae-a6e0-586e0bda2e03', 'f36c610b-f4e6-4a6f-a10d-8197880386e9', '2023-08-08 14:45:55', '2023-08-08 14:45:55'),
('6fb0031e-9811-4662-89c6-b2d80b5b01c9', 3, 'e42f2e98-aec0-48ae-a6e0-586e0bda2e01', 'f36c610b-f4e6-4a6f-a10d-8197880386e9', '2023-08-08 14:45:54', '2023-08-08 14:45:54'),
('708a7699-8668-4292-8e13-e5013d108091', 3, 'e56263e9-cd10-4bd8-b040-ff550a0d1ba1', '63d9c9f3-e6aa-46df-a1b0-30ad8e43dcf7', '2023-08-08 14:43:39', '2023-08-08 14:43:39'),
('718691d7-0c90-4fad-b90a-b52344b8d443', 4, 'e56263e9-cd10-4bd8-b040-ff550a0d4ba3', 'bc03474d-89cc-4446-9393-e31c95d4114b', '2023-08-08 14:52:57', '2023-08-08 14:52:57'),
('71963c69-7855-4f7a-907e-bb957516ef66', 4, 'e42f2e98-aec0-48ae-a6e0-586e0bda3e03', 'e0881f24-7203-4cae-b6b0-1f53b3690048', '2023-08-08 14:44:37', '2023-08-08 14:44:37'),
('729d9b47-3cd6-4aac-a748-7fff84ef330b', 3, 'e56263e9-cd10-4bd8-b040-ff550a0d4ba1', '99e8a718-6a5a-49ea-92ed-fa9334e791fc', '2023-08-08 14:48:11', '2023-08-08 14:48:11'),
('72a8184d-ca25-427d-b5ec-5ba799bcb01a', 3, 'e56263e9-cd10-4bd8-b040-ff550a0d2ba2', 'cecd9a09-5a56-49fa-bc1e-d90fe0acaeb9', '2023-08-08 14:45:27', '2023-08-08 14:45:27'),
('73b8035c-740d-475c-8275-066234b2e7c4', 2, 'e56263e9-cd10-4bd8-b040-ff550a0d1ba2', 'cecd9a09-5a56-49fa-bc1e-d90fe0acaeb9', '2023-08-08 14:45:22', '2023-08-08 14:45:22'),
('74d0aab8-78db-4588-9fe1-349b37856736', 3, 'e42f2e98-aec0-48ae-a6e0-586e0bda2e01', '8cee41d5-9427-4f0f-b34c-6646f3d983ae', '2023-08-08 14:54:25', '2023-08-08 14:54:25'),
('75d2656a-c464-4583-834e-56cde945ba45', 4, 'e56263e9-cd10-4bd8-b040-ff550a0d3ba4', 'bc03474d-89cc-4446-9393-e31c95d4114b', '2023-08-08 14:52:53', '2023-08-08 14:52:53'),
('76c8bfcc-9d41-48db-b9f3-e287163d48e4', 3, 'e56263e9-cd10-4bd8-b040-ff550a0d4ba1', 'bc03474d-89cc-4446-9393-e31c95d4114b', '2023-08-08 14:52:57', '2023-08-08 14:52:57'),
('773745f3-eb8d-4a74-97ea-3250a3381516', 4, 'e56263e9-cd10-4bd8-b040-ff550a0d3ba3', 'bc03474d-89cc-4446-9393-e31c95d4114b', '2023-08-08 14:52:52', '2023-08-08 14:52:52'),
('782f083c-08f9-4df7-8154-1c22dd9f7f94', 3, 'e42f2e98-aec0-48ae-a6e0-586e0bda1e02', 'f1260f45-2959-4fa7-b05e-624d263a55dc', '2023-08-08 14:47:04', '2023-08-08 14:47:04'),
('7867d2e9-a0e5-491f-b82f-f3cb39a82d2f', 4, 'e56263e9-cd10-4bd8-b040-ff550a0d3ba3', '0984872e-0a9f-404c-b035-e992db44c36a', '2023-08-08 14:51:11', '2023-08-08 14:51:11'),
('7887f5af-4277-480c-a9ac-ca3b0b1ad459', 4, 'e56263e9-cd10-4bd8-b040-ff550a0d4ba4', '81fca6a2-571f-42e6-9bb8-f917690b50cf', '2023-08-09 08:05:12', '2023-08-09 08:05:12'),
('78ed5f02-53d8-4c2b-a093-cdeb8d64b90a', 4, 'e56263e9-cd10-4bd8-b040-ff550a0d2ba4', '81fca6a2-571f-42e6-9bb8-f917690b50cf', '2023-08-09 08:05:00', '2023-08-09 08:05:00'),
('797c0bf1-964f-49da-a5a2-5de41fa0f5b5', 3, 'e42f2e98-aec0-48ae-a6e0-586e0bda3e01', '4b7dd324-dac5-43c2-b68a-437926633429', '2023-08-09 07:53:02', '2023-08-09 07:53:02'),
('7a8e7b82-a320-4a41-8d23-0ed3293cee1e', 4, 'e42f2e98-aec0-48ae-a6e0-586e0bda2e04', 'b52d30cd-8fc5-4734-ab6d-b02212567044', '2023-08-06 14:35:09', '2023-08-06 14:35:09'),
('7b00a797-db6e-4d4f-9ed0-3f9f1d6b41a3', 4, 'e56263e9-cd10-4bd8-b040-ff550a0d5ba3', '000f3d12-f286-447b-aede-80da6abbc04c', '2023-08-09 07:51:59', '2023-08-09 07:51:59'),
('7b7ee64a-c6d5-4447-a6f6-c70e3d9d135e', 3, 'e42f2e98-aec0-48ae-a6e0-586e0bda3e02', 'b52d30cd-8fc5-4734-ab6d-b02212567044', '2023-08-06 14:35:13', '2023-08-06 14:35:13'),
('7bda0db8-d297-4dba-86a5-890c2526c094', 3, 'e42f2e98-aec0-48ae-a6e0-586e0bda3e02', '7a0f5778-4abc-4df0-b0c7-6e073269bea0', '2023-08-08 14:55:48', '2023-08-08 14:55:48'),
('7d1e983e-5c60-4c3e-8ba0-8e114e6bd47c', 4, 'e42f2e98-aec0-48ae-a6e0-586e0bda1e02', '4b7dd324-dac5-43c2-b68a-437926633429', '2023-08-09 07:52:49', '2023-08-09 07:52:49'),
('7dee4155-26ec-404a-a5ba-dfcc2bffde65', 3, 'e56263e9-cd10-4bd8-b040-ff550a0d3ba2', '3292cb8e-9d58-4e25-bd96-bba74ded0e93', '2023-08-06 14:34:44', '2023-08-06 14:34:44'),
('7dfbafe6-0a4b-40e3-8276-bb3608446fe9', 4, 'e56263e9-cd10-4bd8-b040-ff550a0d4ba5', '99e8a718-6a5a-49ea-92ed-fa9334e791fc', '2023-08-08 14:48:12', '2023-08-08 14:48:12'),
('7e2d3dcd-981c-4ed0-bb55-c8fe7d48e6ae', 3, 'e56263e9-cd10-4bd8-b040-ff550a0d3ba1', '01274c96-244c-4b58-aa70-2ee033e892da', '2023-08-08 14:46:46', '2023-08-08 14:46:46'),
('7e8a00ff-33a1-4811-814b-43493480de29', 4, 'e42f2e98-aec0-48ae-a6e0-586e0bda3e04', '7a0f5778-4abc-4df0-b0c7-6e073269bea0', '2023-08-08 14:55:49', '2023-08-08 14:55:49'),
('7eb55e02-611c-48c1-8d1f-7adbc87b27f6', 3, 'e56263e9-cd10-4bd8-b040-ff550a0d5ba1', '01274c96-244c-4b58-aa70-2ee033e892da', '2023-08-08 14:46:56', '2023-08-08 14:46:56'),
('7ef2f4cd-e021-42b8-8b75-8cd529292043', 3, 'e42f2e98-aec0-48ae-a6e0-586e0bda2e01', 'ea2220d4-e512-4b69-925b-1a8c25b1de8a', '2023-08-08 14:51:32', '2023-08-08 14:51:32'),
('7f033840-e878-4f9c-bf74-e599f7748eeb', 4, 'e42f2e98-aec0-48ae-a6e0-586e0bda3e04', '4b7dd324-dac5-43c2-b68a-437926633429', '2023-08-09 07:53:07', '2023-08-09 07:53:07'),
('7fbb729f-4dfb-419b-a34f-20a0ea9b506d', 2, 'e56263e9-cd10-4bd8-b040-ff550a0d4ba2', 'cecd9a09-5a56-49fa-bc1e-d90fe0acaeb9', '2023-08-08 14:45:38', '2023-08-08 14:45:38'),
('807ebfae-00a6-4fa8-b57e-06de846bce17', 4, 'e42f2e98-aec0-48ae-a6e0-586e0bda3e04', '6a0ad3ce-3fb5-4d1e-bebe-415df0b91b60', '2023-08-08 14:50:25', '2023-08-08 14:50:25'),
('809b9521-53a1-4465-8d9e-42f4bbc514d5', 3, 'e56263e9-cd10-4bd8-b040-ff550a0d2ba1', '0984872e-0a9f-404c-b035-e992db44c36a', '2023-08-08 14:51:04', '2023-08-08 14:51:04'),
('80a615c9-f3e3-4f37-be3a-5565d99118d7', 4, 'e42f2e98-aec0-48ae-a6e0-586e0bda3e05', 'f1260f45-2959-4fa7-b05e-624d263a55dc', '2023-08-08 14:47:14', '2023-08-08 14:47:14'),
('8130bff7-75e9-4e17-a824-e14e729db2e1', 2, 'e56263e9-cd10-4bd8-b040-ff550a0d4ba1', '4e3d87de-5625-4224-bfd4-6b0c6da17c56', '2023-08-08 14:50:00', '2023-08-08 14:50:00'),
('82f58f2e-ec5b-4b0e-8e5a-fc2d18608ed2', 4, 'e56263e9-cd10-4bd8-b040-ff550a0d5ba2', '000f3d12-f286-447b-aede-80da6abbc04c', '2023-08-09 07:51:57', '2023-08-09 07:51:57'),
('83185f87-0f4d-420f-be00-2c7d4ccd273e', 4, 'e56263e9-cd10-4bd8-b040-ff550a0d4ba3', '0984872e-0a9f-404c-b035-e992db44c36a', '2023-08-08 14:51:15', '2023-08-08 14:51:15'),
('83d1634c-dacc-4b3b-89bd-f68b6d5e6592', 4, 'e56263e9-cd10-4bd8-b040-ff550a0d4ba5', 'fa2cac38-785d-4b3d-a7f6-1fd60e41f39e', '2023-08-08 14:55:31', '2023-08-08 14:55:31'),
('84220e62-b21e-47c6-ac83-650f6d2bfacf', 4, 'e56263e9-cd10-4bd8-b040-ff550a0d3ba4', '0984872e-0a9f-404c-b035-e992db44c36a', '2023-08-08 14:51:11', '2023-08-08 14:51:11'),
('84d03ed9-2bb5-4f3e-83a5-78f03d294b82', 4, 'e42f2e98-aec0-48ae-a6e0-586e0bda2e05', 'f1260f45-2959-4fa7-b05e-624d263a55dc', '2023-08-08 14:47:09', '2023-08-08 14:47:09'),
('8507a38d-83ed-4ae5-a8a4-69435e8837ee', 4, 'e56263e9-cd10-4bd8-b040-ff550a0d2ba3', '81fca6a2-571f-42e6-9bb8-f917690b50cf', '2023-08-09 08:05:01', '2023-08-09 08:05:01'),
('85adb942-794d-4d01-ae65-63757014e71f', 4, 'e42f2e98-aec0-48ae-a6e0-586e0bda3e04', 'ea2220d4-e512-4b69-925b-1a8c25b1de8a', '2023-08-08 14:51:39', '2023-08-08 14:51:39'),
('85fd4941-8931-4ab8-9b6f-b174486ebff7', 3, 'e56263e9-cd10-4bd8-b040-ff550a0d2ba3', 'bc03474d-89cc-4446-9393-e31c95d4114b', '2023-08-08 14:52:46', '2023-08-08 14:52:46'),
('874db631-65de-4f9c-89aa-0b473d549027', 3, 'e56263e9-cd10-4bd8-b040-ff550a0d3ba2', '63d9c9f3-e6aa-46df-a1b0-30ad8e43dcf7', '2023-08-08 14:43:50', '2023-08-08 14:43:50'),
('8763af78-4ccc-40c4-9546-d1697fc73c11', 4, 'e42f2e98-aec0-48ae-a6e0-586e0bda2e04', '8cee41d5-9427-4f0f-b34c-6646f3d983ae', '2023-08-08 14:54:26', '2023-08-08 14:54:26'),
('88ff2fe2-e1cf-4c6b-82c3-b5ace46817e6', 4, 'e42f2e98-aec0-48ae-a6e0-586e0bda3e05', '6a0ad3ce-3fb5-4d1e-bebe-415df0b91b60', '2023-08-08 14:50:25', '2023-08-08 14:50:25'),
('890de997-30c1-4072-92d7-b7ecbc63dfe5', 4, 'e42f2e98-aec0-48ae-a6e0-586e0bda2e04', 'ea2220d4-e512-4b69-925b-1a8c25b1de8a', '2023-08-08 14:51:33', '2023-08-08 14:51:33'),
('89372c7a-54ba-4d2f-a9b2-402b7ec16f2c', 4, 'e42f2e98-aec0-48ae-a6e0-586e0bda2e01', '18506a58-cab9-41ea-a929-8c15a6c31eec', '2023-08-08 14:48:31', '2023-08-08 14:48:31'),
('898772fd-dd88-4816-a757-2e993df58c4d', 3, 'e56263e9-cd10-4bd8-b040-ff550a0d1ba1', '3292cb8e-9d58-4e25-bd96-bba74ded0e93', '2023-08-13 01:43:04', '2023-08-13 01:43:04'),
('8999ec5a-4bc9-4971-b0fd-204eb689d202', 4, 'e56263e9-cd10-4bd8-b040-ff550a0d5ba3', '3292cb8e-9d58-4e25-bd96-bba74ded0e93', '2023-08-06 14:34:54', '2023-08-06 14:34:54'),
('89a7c800-ea11-4df5-aa3e-b31055d5e908', 4, 'e56263e9-cd10-4bd8-b040-ff550a0d2ba3', 'cecd9a09-5a56-49fa-bc1e-d90fe0acaeb9', '2023-08-08 14:45:28', '2023-08-08 14:45:28'),
('8a0f7133-d45e-4339-8118-26937a53b99d', 3, 'e56263e9-cd10-4bd8-b040-ff550a0d4ba4', 'cecd9a09-5a56-49fa-bc1e-d90fe0acaeb9', '2023-08-08 14:45:39', '2023-08-08 14:45:39'),
('8ab17de4-4d2e-46cb-98ec-dd747899cf53', 4, 'e42f2e98-aec0-48ae-a6e0-586e0bda2e05', '4b7dd324-dac5-43c2-b68a-437926633429', '2023-08-09 07:53:00', '2023-08-09 07:53:00'),
('8b4a8f6a-cf50-42e1-98d8-8f211503db12', 3, 'e42f2e98-aec0-48ae-a6e0-586e0bda3e01', 'f1260f45-2959-4fa7-b05e-624d263a55dc', '2023-08-08 14:47:13', '2023-08-08 14:47:13'),
('8b8b640f-cc8e-4888-842b-54a54a16891e', 2, 'e56263e9-cd10-4bd8-b040-ff550a0d3ba1', '99e8a718-6a5a-49ea-92ed-fa9334e791fc', '2023-08-08 14:48:05', '2023-08-08 14:48:05'),
('8bd6c4f5-a6d5-46e1-9d55-ed57adc6414d', 5, 'e56263e9-cd10-4bd8-b040-ff550a0d3ba5', '01274c96-244c-4b58-aa70-2ee033e892da', '2023-08-08 14:46:48', '2023-08-08 14:46:48'),
('8bf0784f-6576-4b4d-9686-128b14c43a73', 4, 'e56263e9-cd10-4bd8-b040-ff550a0d3ba3', '01274c96-244c-4b58-aa70-2ee033e892da', '2023-08-08 14:46:46', '2023-08-08 14:46:46'),
('8c042b67-a785-444a-aee4-50fb463788f3', 2, 'e42f2e98-aec0-48ae-a6e0-586e0bda1e02', 'b52d30cd-8fc5-4734-ab6d-b02212567044', '2023-08-06 14:35:03', '2023-08-06 14:35:03'),
('8c56cfa8-000f-469b-a211-b5a29e9013b1', 3, 'e56263e9-cd10-4bd8-b040-ff550a0d1ba1', '000f3d12-f286-447b-aede-80da6abbc04c', '2023-08-09 07:48:23', '2023-08-09 07:48:23'),
('8cf4f316-25b5-4cfa-857e-6faa94fd9eb6', 3, 'e56263e9-cd10-4bd8-b040-ff550a0d1ba4', '01274c96-244c-4b58-aa70-2ee033e892da', '2023-08-08 14:46:37', '2023-08-08 14:46:37'),
('8db53fef-15df-4491-acc5-98f0e8d9aec9', 4, 'e56263e9-cd10-4bd8-b040-ff550a0d4ba3', '81fca6a2-571f-42e6-9bb8-f917690b50cf', '2023-08-09 08:05:11', '2023-08-09 08:05:11'),
('8de1b31a-3793-40ff-b86f-23f0baf0f686', 4, 'e42f2e98-aec0-48ae-a6e0-586e0bda2e05', '7a0f5778-4abc-4df0-b0c7-6e073269bea0', '2023-08-08 14:55:44', '2023-08-08 14:55:44'),
('8e6ca216-acac-426e-bc17-64bf2b1b3c1f', 5, 'e42f2e98-aec0-48ae-a6e0-586e0bda3e05', '18506a58-cab9-41ea-a929-8c15a6c31eec', '2023-08-08 14:48:40', '2023-08-08 14:48:40'),
('8e88ec1b-fe4c-475b-86b4-f8543fc339f0', 3, 'e56263e9-cd10-4bd8-b040-ff550a0d2ba2', 'f3deb0c6-12bc-48a0-bc0b-2f3060e628db', '2023-08-08 14:53:59', '2023-08-08 14:53:59'),
('8f30521b-2148-40ca-b7af-73623dd38eff', 4, 'e56263e9-cd10-4bd8-b040-ff550a0d5ba3', '4e3d87de-5625-4224-bfd4-6b0c6da17c56', '2023-08-08 14:50:05', '2023-08-08 14:50:05'),
('8f8bf92b-2c7f-42d9-81c7-5283f6789a1a', 4, 'e56263e9-cd10-4bd8-b040-ff550a0d5ba1', '4e3d87de-5625-4224-bfd4-6b0c6da17c56', '2023-08-08 14:50:05', '2023-08-08 14:50:05'),
('90026662-b997-4766-8bfb-b6e2029bcad0', 4, 'e42f2e98-aec0-48ae-a6e0-586e0bda1e03', 'ea2220d4-e512-4b69-925b-1a8c25b1de8a', '2023-08-08 14:51:29', '2023-08-08 14:51:29'),
('904dd991-5a9c-41af-a073-f61dc9c9d5bc', 4, 'e56263e9-cd10-4bd8-b040-ff550a0d1ba4', '3292cb8e-9d58-4e25-bd96-bba74ded0e93', '2023-08-06 14:34:24', '2023-08-06 14:34:24'),
('90629854-7182-4a63-8408-373a35bc6976', 3, 'e56263e9-cd10-4bd8-b040-ff550a0d4ba1', '01274c96-244c-4b58-aa70-2ee033e892da', '2023-08-08 14:46:52', '2023-08-08 14:46:52'),
('9109f16e-2d29-4ef8-ac6c-68397d06bf89', 4, 'e42f2e98-aec0-48ae-a6e0-586e0bda3e05', 'ea2220d4-e512-4b69-925b-1a8c25b1de8a', '2023-08-08 14:51:39', '2023-08-08 14:51:39'),
('92142a42-a58b-475a-93b2-fe3c0eadb5d4', 4, 'e42f2e98-aec0-48ae-a6e0-586e0bda3e04', '8cee41d5-9427-4f0f-b34c-6646f3d983ae', '2023-08-08 14:54:31', '2023-08-08 14:54:31'),
('9371f4de-83ac-4a03-8d80-414524339e57', 4, 'e56263e9-cd10-4bd8-b040-ff550a0d2ba3', '01274c96-244c-4b58-aa70-2ee033e892da', '2023-08-08 14:46:42', '2023-08-08 14:46:42'),
('93b74ccb-8d1b-4133-80c4-cd91c869cba6', 2, 'e42f2e98-aec0-48ae-a6e0-586e0bda3e01', 'e0881f24-7203-4cae-b6b0-1f53b3690048', '2023-08-08 14:44:37', '2023-08-08 14:44:37'),
('944c192f-aed3-44af-ac01-0aae1df4179c', 4, 'e42f2e98-aec0-48ae-a6e0-586e0bda3e05', '7a0f5778-4abc-4df0-b0c7-6e073269bea0', '2023-08-08 14:55:49', '2023-08-08 14:55:49'),
('9471c0be-001f-4e87-9b30-a70872e3f00e', 2, 'e56263e9-cd10-4bd8-b040-ff550a0d3ba1', 'fa2cac38-785d-4b3d-a7f6-1fd60e41f39e', '2023-08-08 14:55:22', '2023-08-08 14:55:22'),
('948c5809-4243-4381-a3cc-10575366c43c', 2, 'e56263e9-cd10-4bd8-b040-ff550a0d3ba1', '4e3d87de-5625-4224-bfd4-6b0c6da17c56', '2023-08-08 14:49:55', '2023-08-08 14:49:55'),
('95b60caf-5ccc-4452-9dc7-28c130cb379f', 3, 'e42f2e98-aec0-48ae-a6e0-586e0bda2e01', '6a0ad3ce-3fb5-4d1e-bebe-415df0b91b60', '2023-08-08 14:50:19', '2023-08-08 14:50:19'),
('95df41d8-e586-4c75-88dd-997e1b2bb665', 2, 'e56263e9-cd10-4bd8-b040-ff550a0d2ba2', '63d9c9f3-e6aa-46df-a1b0-30ad8e43dcf7', '2023-08-08 14:43:45', '2023-08-08 14:43:45'),
('962965f4-07e4-4055-bfe0-e99c738e773e', 4, 'e56263e9-cd10-4bd8-b040-ff550a0d4ba4', 'bc03474d-89cc-4446-9393-e31c95d4114b', '2023-08-08 14:52:58', '2023-08-08 14:52:58'),
('963c07bb-5518-4d69-ac3e-a0bfeac63fbe', 4, 'e42f2e98-aec0-48ae-a6e0-586e0bda3e02', '8cee41d5-9427-4f0f-b34c-6646f3d983ae', '2023-08-08 14:54:31', '2023-08-08 14:54:31'),
('96762efb-bd0b-40ab-98c6-1d3fd794aa74', 4, 'e56263e9-cd10-4bd8-b040-ff550a0d1ba3', '81fca6a2-571f-42e6-9bb8-f917690b50cf', '2023-08-09 08:04:56', '2023-08-09 08:04:56'),
('96806e77-e8e0-483e-a5a1-c973f6529623', 3, 'e56263e9-cd10-4bd8-b040-ff550a0d2ba2', '4e3d87de-5625-4224-bfd4-6b0c6da17c56', '2023-08-08 14:49:50', '2023-08-08 14:49:50'),
('9681dc3b-b60a-489b-8a29-a3559377630d', 4, 'e56263e9-cd10-4bd8-b040-ff550a0d2ba3', '99e8a718-6a5a-49ea-92ed-fa9334e791fc', '2023-08-08 14:48:00', '2023-08-08 14:48:00'),
('96d82f3d-abed-49a4-b44e-241e58f021c5', 4, 'e56263e9-cd10-4bd8-b040-ff550a0d3ba5', '81fca6a2-571f-42e6-9bb8-f917690b50cf', '2023-08-09 08:05:06', '2023-08-09 08:05:06'),
('97a4117b-039e-4290-88fa-2b04bc22e0ac', 4, 'e56263e9-cd10-4bd8-b040-ff550a0d4ba4', '99e8a718-6a5a-49ea-92ed-fa9334e791fc', '2023-08-08 14:48:13', '2023-08-08 14:48:13'),
('980088e1-c1e2-4398-8be8-c34046220d6d', 3, 'e56263e9-cd10-4bd8-b040-ff550a0d3ba2', '01274c96-244c-4b58-aa70-2ee033e892da', '2023-08-08 14:46:46', '2023-08-08 14:46:46'),
('985851cf-51bc-4310-897e-46159485f3e9', 3, 'e42f2e98-aec0-48ae-a6e0-586e0bda2e03', 'e0881f24-7203-4cae-b6b0-1f53b3690048', '2023-08-08 14:44:33', '2023-08-08 14:44:33'),
('98de1c34-4146-4ad4-923f-61085e9f52dd', 4, 'e56263e9-cd10-4bd8-b040-ff550a0d2ba2', '0984872e-0a9f-404c-b035-e992db44c36a', '2023-08-08 14:51:05', '2023-08-08 14:51:05'),
('99943980-89e9-4ede-a8a4-86819544fac8', 4, 'e56263e9-cd10-4bd8-b040-ff550a0d1ba3', '3292cb8e-9d58-4e25-bd96-bba74ded0e93', '2023-08-06 14:34:24', '2023-08-06 14:34:24'),
('99bfceaf-12c2-4ad1-b576-1bb280510c89', 3, 'e42f2e98-aec0-48ae-a6e0-586e0bda2e04', '18506a58-cab9-41ea-a929-8c15a6c31eec', '2023-08-08 14:48:32', '2023-08-08 14:48:32'),
('9a37980a-f5fe-42a3-aa47-6fb28f0559b1', 3, 'e56263e9-cd10-4bd8-b040-ff550a0d1ba3', 'fa2cac38-785d-4b3d-a7f6-1fd60e41f39e', '2023-08-08 14:55:15', '2023-08-08 14:55:15'),
('9af25ba3-2532-4560-bc01-d383ba92c4bc', 4, 'e56263e9-cd10-4bd8-b040-ff550a0d1ba2', '000f3d12-f286-447b-aede-80da6abbc04c', '2023-08-09 07:48:23', '2023-08-09 07:48:23'),
('9bcd94c3-5f81-4e25-a258-5177f85fb16a', 3, 'e56263e9-cd10-4bd8-b040-ff550a0d3ba2', '0984872e-0a9f-404c-b035-e992db44c36a', '2023-08-08 14:51:10', '2023-08-08 14:51:10'),
('9c453667-f2bb-473f-8dad-c859cbc85f51', 4, 'e56263e9-cd10-4bd8-b040-ff550a0d2ba5', '81fca6a2-571f-42e6-9bb8-f917690b50cf', '2023-08-09 08:05:01', '2023-08-09 08:05:01'),
('9d4d417c-3fc0-4455-9c91-4d92fc23231b', 3, 'e56263e9-cd10-4bd8-b040-ff550a0d3ba1', '0984872e-0a9f-404c-b035-e992db44c36a', '2023-08-08 14:51:10', '2023-08-08 14:51:10'),
('9dede6c0-8fc0-44f8-8d73-99eed1ed4efb', 3, 'e42f2e98-aec0-48ae-a6e0-586e0bda1e01', '18506a58-cab9-41ea-a929-8c15a6c31eec', '2023-08-08 14:48:24', '2023-08-08 14:48:24'),
('9ecec3ca-8841-41a9-9d25-4340656ac1de', 3, 'e56263e9-cd10-4bd8-b040-ff550a0d5ba1', '000f3d12-f286-447b-aede-80da6abbc04c', '2023-08-09 07:51:55', '2023-08-09 07:51:55'),
('a039a43d-307b-405d-9a09-61f46087bef0', 2, 'e42f2e98-aec0-48ae-a6e0-586e0bda3e01', 'ea2220d4-e512-4b69-925b-1a8c25b1de8a', '2023-08-08 14:51:38', '2023-08-08 14:51:38'),
('a2238da7-c228-478c-a803-58e3e82462ab', 3, 'e42f2e98-aec0-48ae-a6e0-586e0bda2e02', 'ea2220d4-e512-4b69-925b-1a8c25b1de8a', '2023-08-08 14:51:32', '2023-08-08 14:51:32'),
('a23c1a3c-4953-4173-90df-dbeecb1fc10c', 4, 'e42f2e98-aec0-48ae-a6e0-586e0bda2e04', 'f1260f45-2959-4fa7-b05e-624d263a55dc', '2023-08-08 14:47:09', '2023-08-08 14:47:09');
INSERT INTO `result_rsf` (`id`, `score`, `rsf_question_id`, `school_supervision_form_id`, `created_at`, `updated_at`) VALUES
('a302bbf6-ab38-48ad-863b-68a358a7b8eb', 4, 'e56263e9-cd10-4bd8-b040-ff550a0d3ba3', '000f3d12-f286-447b-aede-80da6abbc04c', '2023-08-09 07:48:46', '2023-08-09 07:48:46'),
('a331178f-3634-4c02-951f-d57f171f01cf', 3, 'e42f2e98-aec0-48ae-a6e0-586e0bda2e02', 'b52d30cd-8fc5-4734-ab6d-b02212567044', '2023-08-06 14:35:09', '2023-08-06 14:35:09'),
('a33161a8-4065-46e9-9ca1-21d1c759918e', 4, 'e56263e9-cd10-4bd8-b040-ff550a0d4ba3', '3292cb8e-9d58-4e25-bd96-bba74ded0e93', '2023-08-06 14:34:50', '2023-08-06 14:34:50'),
('a44fcfaf-cad4-4df7-b458-c7dec43f8b94', 4, 'e42f2e98-aec0-48ae-a6e0-586e0bda3e03', '4b7dd324-dac5-43c2-b68a-437926633429', '2023-08-09 07:53:05', '2023-08-09 07:53:05'),
('a45a10e2-3313-4e3c-b343-ee15e731e56f', 4, 'e56263e9-cd10-4bd8-b040-ff550a0d4ba5', '63d9c9f3-e6aa-46df-a1b0-30ad8e43dcf7', '2023-08-08 14:43:56', '2023-08-08 14:43:56'),
('a5cf8799-c639-4d4e-a284-15677f59c3f3', 2, 'e42f2e98-aec0-48ae-a6e0-586e0bda3e02', '4b7dd324-dac5-43c2-b68a-437926633429', '2023-08-09 07:53:04', '2023-08-09 07:53:04'),
('a6baabfd-4f71-4b2d-82c2-f104bb1cc179', 3, 'e42f2e98-aec0-48ae-a6e0-586e0bda1e03', '6a0ad3ce-3fb5-4d1e-bebe-415df0b91b60', '2023-08-08 14:50:14', '2023-08-08 14:50:14'),
('a6caa29b-00eb-481a-be16-034f10f94352', 4, 'e56263e9-cd10-4bd8-b040-ff550a0d4ba5', '01274c96-244c-4b58-aa70-2ee033e892da', '2023-08-08 14:46:53', '2023-08-08 14:46:53'),
('a80d1c53-1b1d-4807-8792-8e64e782fd84', 2, 'e56263e9-cd10-4bd8-b040-ff550a0d5ba1', '63d9c9f3-e6aa-46df-a1b0-30ad8e43dcf7', '2023-08-08 14:44:00', '2023-08-08 14:44:00'),
('a8c67923-f964-4bec-9723-9b864bb50e83', 4, 'e42f2e98-aec0-48ae-a6e0-586e0bda3e03', 'ea2220d4-e512-4b69-925b-1a8c25b1de8a', '2023-08-08 14:51:39', '2023-08-08 14:51:39'),
('a9376141-d57a-4467-b7b6-dedfe2e62728', 3, 'e56263e9-cd10-4bd8-b040-ff550a0d1ba4', 'cecd9a09-5a56-49fa-bc1e-d90fe0acaeb9', '2023-08-08 14:45:23', '2023-08-08 14:45:23'),
('a9b96049-baa6-4c7d-bc28-d7f231e8d6f0', 2, 'e42f2e98-aec0-48ae-a6e0-586e0bda1e01', 'ea2220d4-e512-4b69-925b-1a8c25b1de8a', '2023-08-08 14:51:29', '2023-08-08 14:51:29'),
('aa4fe49c-87a9-46df-ba66-e624b37ddbd6', 3, 'e42f2e98-aec0-48ae-a6e0-586e0bda3e01', '7a0f5778-4abc-4df0-b0c7-6e073269bea0', '2023-08-08 14:55:48', '2023-08-08 14:55:48'),
('aac74916-253c-46ed-bf94-7660638a8f13', 3, 'e56263e9-cd10-4bd8-b040-ff550a0d3ba2', '99e8a718-6a5a-49ea-92ed-fa9334e791fc', '2023-08-08 14:48:06', '2023-08-08 14:48:06'),
('ab3ca3a8-3dd5-4708-8f8d-28c967a4c147', 3, 'e56263e9-cd10-4bd8-b040-ff550a0d5ba1', '81fca6a2-571f-42e6-9bb8-f917690b50cf', '2023-08-09 08:05:17', '2023-08-09 08:05:17'),
('abbcc56f-e01e-46e6-8ab9-e5553fbba403', 4, 'e56263e9-cd10-4bd8-b040-ff550a0d1ba4', '4e3d87de-5625-4224-bfd4-6b0c6da17c56', '2023-08-08 14:49:46', '2023-08-08 14:49:46'),
('abd49c38-431b-4aae-a3ee-f799b8e88582', 3, 'e56263e9-cd10-4bd8-b040-ff550a0d4ba1', '81fca6a2-571f-42e6-9bb8-f917690b50cf', '2023-08-09 08:05:10', '2023-08-09 08:05:10'),
('ad8eee68-7eea-4523-ab83-5085c873df10', 3, 'e56263e9-cd10-4bd8-b040-ff550a0d1ba4', 'fa2cac38-785d-4b3d-a7f6-1fd60e41f39e', '2023-08-08 14:55:15', '2023-08-08 14:55:15'),
('ada0157a-bd4b-4363-9957-f0668ccbb1df', 4, 'e56263e9-cd10-4bd8-b040-ff550a0d4ba5', '0984872e-0a9f-404c-b035-e992db44c36a', '2023-08-08 14:51:16', '2023-08-08 14:51:16'),
('ae0ec031-f8fb-4a9b-a00d-bc34ebbe5327', 4, 'e42f2e98-aec0-48ae-a6e0-586e0bda1e03', '18506a58-cab9-41ea-a929-8c15a6c31eec', '2023-08-08 14:48:25', '2023-08-08 14:48:25'),
('ae19741b-b8a6-4690-83fd-3e1cdf5d3128', 5, 'e56263e9-cd10-4bd8-b040-ff550a0d1ba3', 'f3deb0c6-12bc-48a0-bc0b-2f3060e628db', '2023-08-08 14:53:56', '2023-08-08 14:53:57'),
('aebfd3b7-0ea1-476a-98e0-0eb9227afade', 4, 'e56263e9-cd10-4bd8-b040-ff550a0d2ba4', '63d9c9f3-e6aa-46df-a1b0-30ad8e43dcf7', '2023-08-08 14:43:45', '2023-08-08 14:43:45'),
('afe5d1a7-508d-4107-a7de-4c038386fe40', 4, 'e42f2e98-aec0-48ae-a6e0-586e0bda1e04', 'b52d30cd-8fc5-4734-ab6d-b02212567044', '2023-08-06 14:35:05', '2023-08-06 14:35:05'),
('b0bbe769-9f83-44af-ab95-0143a1e8232a', 2, 'e56263e9-cd10-4bd8-b040-ff550a0d2ba2', 'bc03474d-89cc-4446-9393-e31c95d4114b', '2023-08-08 14:52:45', '2023-08-08 14:52:45'),
('b0ddf15a-6db6-493d-9183-5248eda9b322', 4, 'e56263e9-cd10-4bd8-b040-ff550a0d4ba4', '01274c96-244c-4b58-aa70-2ee033e892da', '2023-08-08 14:46:53', '2023-08-08 14:46:53'),
('b1132715-3824-4864-8472-6cd29cbdaf53', 3, 'e42f2e98-aec0-48ae-a6e0-586e0bda2e02', 'e0881f24-7203-4cae-b6b0-1f53b3690048', '2023-08-08 14:44:33', '2023-08-08 14:44:33'),
('b23d80a0-002a-4a54-b37f-53c2dc2b2b41', 1, 'e56263e9-cd10-4bd8-b040-ff550a0d2ba1', '63d9c9f3-e6aa-46df-a1b0-30ad8e43dcf7', '2023-08-08 14:43:44', '2023-08-08 14:43:44'),
('b2fa2565-9249-4c67-bf51-7c3eeca7bd81', 5, 'e56263e9-cd10-4bd8-b040-ff550a0d3ba4', '01274c96-244c-4b58-aa70-2ee033e892da', '2023-08-08 14:46:47', '2023-08-08 14:46:47'),
('b3cf8cd5-3d10-4e32-8349-6679d90877a4', 4, 'e56263e9-cd10-4bd8-b040-ff550a0d4ba1', '000f3d12-f286-447b-aede-80da6abbc04c', '2023-08-09 07:51:32', '2023-08-09 07:51:32'),
('b49e51fb-a140-4e09-b771-49cdb5658ad7', 3, 'e56263e9-cd10-4bd8-b040-ff550a0d1ba5', 'fa2cac38-785d-4b3d-a7f6-1fd60e41f39e', '2023-08-08 14:55:15', '2023-08-08 14:55:15'),
('b4e37e59-27b8-41ad-ae0a-1097931dd05e', 3, 'e56263e9-cd10-4bd8-b040-ff550a0d3ba2', '81fca6a2-571f-42e6-9bb8-f917690b50cf', '2023-08-09 08:05:05', '2023-08-09 08:05:05'),
('b5c5d2dc-9b5c-4dd4-bb21-d85b220f8d50', 4, 'e56263e9-cd10-4bd8-b040-ff550a0d2ba3', '0984872e-0a9f-404c-b035-e992db44c36a', '2023-08-08 14:51:05', '2023-08-08 14:51:05'),
('b68cddfe-2f36-4521-8037-4fcbda6c585a', 3, 'e56263e9-cd10-4bd8-b040-ff550a0d2ba2', '3292cb8e-9d58-4e25-bd96-bba74ded0e93', '2023-08-06 14:34:37', '2023-08-06 14:34:38'),
('b6e0c169-f8fb-4e71-9b87-a57c70b92cc1', 4, 'e56263e9-cd10-4bd8-b040-ff550a0d1ba5', '000f3d12-f286-447b-aede-80da6abbc04c', '2023-08-09 07:48:24', '2023-08-09 07:48:24'),
('b729c092-7563-45b3-b348-a87144f86184', 4, 'e42f2e98-aec0-48ae-a6e0-586e0bda2e05', '8cee41d5-9427-4f0f-b34c-6646f3d983ae', '2023-08-08 14:54:26', '2023-08-08 14:54:26'),
('b8220728-3deb-44e4-ad47-ea10d90e3ffc', 4, 'e56263e9-cd10-4bd8-b040-ff550a0d3ba4', '3292cb8e-9d58-4e25-bd96-bba74ded0e93', '2023-08-06 14:34:45', '2023-08-06 14:34:45'),
('b8995148-d3ca-4950-b533-d91ec83717d4', 3, 'e56263e9-cd10-4bd8-b040-ff550a0d5ba2', '81fca6a2-571f-42e6-9bb8-f917690b50cf', '2023-08-09 08:05:17', '2023-08-09 08:05:17'),
('b8a3adaa-858c-4bc6-b8e8-989c4cc8548b', 5, 'e56263e9-cd10-4bd8-b040-ff550a0d2ba5', '63d9c9f3-e6aa-46df-a1b0-30ad8e43dcf7', '2023-08-08 14:43:46', '2023-08-08 14:43:46'),
('b9ad0dd5-2ce1-4a28-a24c-2da81945e7f6', 4, 'e56263e9-cd10-4bd8-b040-ff550a0d1ba5', 'f3deb0c6-12bc-48a0-bc0b-2f3060e628db', '2023-08-08 14:53:57', '2023-08-08 14:53:57'),
('b9d6550f-8fc6-4027-9551-9f9c8223c375', 3, 'e42f2e98-aec0-48ae-a6e0-586e0bda3e02', 'ea2220d4-e512-4b69-925b-1a8c25b1de8a', '2023-08-08 14:51:39', '2023-08-08 14:51:39'),
('ba140fdc-0375-4f1b-aafe-4851c8f735d9', 3, 'e42f2e98-aec0-48ae-a6e0-586e0bda2e02', 'f1260f45-2959-4fa7-b05e-624d263a55dc', '2023-08-08 14:47:08', '2023-08-08 14:47:08'),
('baf0a723-38ca-4c70-ac79-0ef6b12f8727', 3, 'e42f2e98-aec0-48ae-a6e0-586e0bda1e03', '4b7dd324-dac5-43c2-b68a-437926633429', '2023-08-09 07:52:51', '2023-08-09 07:52:51'),
('bb1cd75a-438f-4b32-a359-63d9ef21c033', 4, 'e42f2e98-aec0-48ae-a6e0-586e0bda3e05', 'e0881f24-7203-4cae-b6b0-1f53b3690048', '2023-08-08 14:44:38', '2023-08-08 14:44:38'),
('bbe08079-4283-488c-9917-969cbb3421ef', 4, 'e56263e9-cd10-4bd8-b040-ff550a0d3ba5', 'bc03474d-89cc-4446-9393-e31c95d4114b', '2023-08-08 14:52:53', '2023-08-08 14:52:53'),
('bc39bb0f-c399-4555-a7ae-832282167d7a', 4, 'e56263e9-cd10-4bd8-b040-ff550a0d2ba4', '99e8a718-6a5a-49ea-92ed-fa9334e791fc', '2023-08-08 14:48:01', '2023-08-08 14:48:01'),
('bc892008-9aa0-44bd-ba58-b237794dceb2', 4, 'e42f2e98-aec0-48ae-a6e0-586e0bda3e03', 'b52d30cd-8fc5-4734-ab6d-b02212567044', '2023-08-06 14:35:14', '2023-08-06 14:35:14'),
('bcb1e745-fbe9-4626-b4bb-bba3f3b1b7ef', 4, 'e56263e9-cd10-4bd8-b040-ff550a0d2ba4', '0984872e-0a9f-404c-b035-e992db44c36a', '2023-08-08 14:51:05', '2023-08-08 14:51:05'),
('bd1e7997-df6c-4852-8c0a-5316fe8c65c4', 4, 'e42f2e98-aec0-48ae-a6e0-586e0bda1e03', '7a0f5778-4abc-4df0-b0c7-6e073269bea0', '2023-08-08 14:55:42', '2023-08-08 14:55:42'),
('bddd5211-7be7-44a7-ab3d-aee23f318166', 3, 'e56263e9-cd10-4bd8-b040-ff550a0d5ba2', 'bc03474d-89cc-4446-9393-e31c95d4114b', '2023-08-08 14:53:01', '2023-08-08 14:53:01'),
('be541f08-7fe4-4dd9-9335-a657f53958d7', 3, 'e56263e9-cd10-4bd8-b040-ff550a0d1ba4', '99e8a718-6a5a-49ea-92ed-fa9334e791fc', '2023-08-08 14:47:56', '2023-08-08 14:47:56'),
('bfe847e2-9532-4129-963b-d86c43bb94d8', 5, 'e56263e9-cd10-4bd8-b040-ff550a0d4ba1', 'fa2cac38-785d-4b3d-a7f6-1fd60e41f39e', '2023-08-08 14:55:33', '2023-08-08 14:55:33'),
('c0521f14-0a73-46a1-b707-ab3311f6bbe3', 3, 'e56263e9-cd10-4bd8-b040-ff550a0d4ba2', '81fca6a2-571f-42e6-9bb8-f917690b50cf', '2023-08-09 08:05:11', '2023-08-09 08:05:11'),
('c14c8d69-8dc3-422f-96aa-7ea0dc106ac5', 4, 'e56263e9-cd10-4bd8-b040-ff550a0d1ba5', '0984872e-0a9f-404c-b035-e992db44c36a', '2023-08-08 14:51:01', '2023-08-08 14:51:01'),
('c19aa13e-7277-48d5-a0f1-7bc590657e3e', 4, 'e42f2e98-aec0-48ae-a6e0-586e0bda3e03', '8cee41d5-9427-4f0f-b34c-6646f3d983ae', '2023-08-08 14:54:31', '2023-08-08 14:54:31'),
('c20fe22f-e3c0-4ceb-9bbb-702aca73c5dd', 3, 'e42f2e98-aec0-48ae-a6e0-586e0bda1e02', '6d7bc751-bdd2-47a8-afdf-c8df9f9c14d8', '2023-08-08 14:53:08', '2023-08-08 14:53:08'),
('c45f39e5-ca6d-43c7-b475-23804d5c7982', 4, 'e56263e9-cd10-4bd8-b040-ff550a0d4ba3', '99e8a718-6a5a-49ea-92ed-fa9334e791fc', '2023-08-08 14:48:12', '2023-08-08 14:48:12'),
('c50c6d43-c661-40c5-9011-d27014a577ab', 4, 'e42f2e98-aec0-48ae-a6e0-586e0bda3e04', 'b52d30cd-8fc5-4734-ab6d-b02212567044', '2023-08-06 14:35:14', '2023-08-06 14:35:14'),
('c6f9b2a2-b067-4a8b-b96b-cb8132e9c4ed', 3, 'e56263e9-cd10-4bd8-b040-ff550a0d3ba1', '63d9c9f3-e6aa-46df-a1b0-30ad8e43dcf7', '2023-08-08 14:43:49', '2023-08-08 14:43:49'),
('c6fa9de9-81d3-492a-bf81-e97639016dd4', 3, 'e56263e9-cd10-4bd8-b040-ff550a0d1ba3', 'cecd9a09-5a56-49fa-bc1e-d90fe0acaeb9', '2023-08-08 14:45:23', '2023-08-08 14:45:23'),
('c7c39dd7-1304-456f-b8aa-f5ff9a585fd8', 3, 'e56263e9-cd10-4bd8-b040-ff550a0d1ba1', 'f3deb0c6-12bc-48a0-bc0b-2f3060e628db', '2023-08-08 14:53:55', '2023-08-08 14:53:55'),
('c85e0860-d227-442b-bf10-19a665d96f2d', 4, 'e56263e9-cd10-4bd8-b040-ff550a0d3ba4', '63d9c9f3-e6aa-46df-a1b0-30ad8e43dcf7', '2023-08-08 14:43:51', '2023-08-08 14:43:51'),
('c8933206-01e4-437c-811e-5683707348cd', 5, 'e42f2e98-aec0-48ae-a6e0-586e0bda1e03', '8cee41d5-9427-4f0f-b34c-6646f3d983ae', '2023-08-08 14:54:41', '2023-08-08 14:54:41'),
('c8cc1e6a-eed6-450c-b830-455036bed70d', 4, 'e56263e9-cd10-4bd8-b040-ff550a0d4ba3', 'f3deb0c6-12bc-48a0-bc0b-2f3060e628db', '2023-08-08 14:54:10', '2023-08-08 14:54:10'),
('c9365e95-cc16-4f89-aa41-bfd59d94d2d8', 3, 'e42f2e98-aec0-48ae-a6e0-586e0bda1e02', '7a0f5778-4abc-4df0-b0c7-6e073269bea0', '2023-08-08 14:55:42', '2023-08-08 14:55:42'),
('c97f0315-864d-4f2d-b629-048e762eb620', 4, 'e42f2e98-aec0-48ae-a6e0-586e0bda3e03', '6d7bc751-bdd2-47a8-afdf-c8df9f9c14d8', '2023-08-08 14:53:17', '2023-08-08 14:53:18'),
('cb5e4eaa-00ea-4ccb-a2f7-dbf7f55ee916', 4, 'e42f2e98-aec0-48ae-a6e0-586e0bda1e04', 'f1260f45-2959-4fa7-b05e-624d263a55dc', '2023-08-08 14:47:05', '2023-08-08 14:47:05'),
('cb9afb66-00ac-4d84-97b6-e2ad775d88ec', 5, 'e42f2e98-aec0-48ae-a6e0-586e0bda3e05', '6d7bc751-bdd2-47a8-afdf-c8df9f9c14d8', '2023-08-08 14:53:19', '2023-08-08 14:53:19'),
('cc2a20f3-dfa1-4f86-bf9f-5de4be11d387', 4, 'e56263e9-cd10-4bd8-b040-ff550a0d2ba5', '4e3d87de-5625-4224-bfd4-6b0c6da17c56', '2023-08-08 14:49:52', '2023-08-08 14:49:52'),
('cd3da503-a87e-4732-bcaa-72c71db99ea6', 3, 'e56263e9-cd10-4bd8-b040-ff550a0d3ba3', 'fa2cac38-785d-4b3d-a7f6-1fd60e41f39e', '2023-08-08 14:55:24', '2023-08-08 14:55:24'),
('ceb9196e-9ad6-4930-9c19-d79791833adc', 4, 'e42f2e98-aec0-48ae-a6e0-586e0bda2e04', '6a0ad3ce-3fb5-4d1e-bebe-415df0b91b60', '2023-08-08 14:50:20', '2023-08-08 14:50:20'),
('d076d5b6-1772-4a3c-a08c-b95811da9bb3', 3, 'e56263e9-cd10-4bd8-b040-ff550a0d3ba2', 'f3deb0c6-12bc-48a0-bc0b-2f3060e628db', '2023-08-08 14:54:07', '2023-08-08 14:54:07'),
('d0d8aeeb-2729-441b-a912-61d4dda44e23', 3, 'e42f2e98-aec0-48ae-a6e0-586e0bda2e02', '6d7bc751-bdd2-47a8-afdf-c8df9f9c14d8', '2023-08-08 14:53:12', '2023-08-08 14:53:12'),
('d0f2a0fd-31d7-4800-a765-d99ed0728feb', 3, 'e56263e9-cd10-4bd8-b040-ff550a0d3ba4', '4e3d87de-5625-4224-bfd4-6b0c6da17c56', '2023-08-08 14:49:56', '2023-08-08 14:49:56'),
('d1bdd8d7-c2d0-4d70-9787-e984b55c7291', 5, 'e56263e9-cd10-4bd8-b040-ff550a0d4ba5', '4e3d87de-5625-4224-bfd4-6b0c6da17c56', '2023-08-08 14:50:02', '2023-08-08 14:50:02'),
('d283493b-7989-47d6-b02c-b92c0d5eac96', 4, 'e56263e9-cd10-4bd8-b040-ff550a0d4ba4', 'fa2cac38-785d-4b3d-a7f6-1fd60e41f39e', '2023-08-08 14:55:31', '2023-08-08 14:55:31'),
('d2c7dd2a-2e7f-4919-9944-48ee61d148d2', 4, 'e56263e9-cd10-4bd8-b040-ff550a0d2ba3', '4e3d87de-5625-4224-bfd4-6b0c6da17c56', '2023-08-08 14:49:51', '2023-08-08 14:49:51'),
('d41f3537-f038-469f-baf5-37a24eddd573', 3, 'e56263e9-cd10-4bd8-b040-ff550a0d1ba1', 'bc03474d-89cc-4446-9393-e31c95d4114b', '2023-08-08 14:52:43', '2023-08-08 14:52:43'),
('d4f152e0-9f11-4582-9ebc-2bc7819bfe7c', 5, 'e56263e9-cd10-4bd8-b040-ff550a0d1ba2', 'f3deb0c6-12bc-48a0-bc0b-2f3060e628db', '2023-08-08 14:53:58', '2023-08-08 14:53:58'),
('d4f9d90b-2cea-4e17-8d70-fbf2ee19a2eb', 3, 'e56263e9-cd10-4bd8-b040-ff550a0d5ba3', 'fa2cac38-785d-4b3d-a7f6-1fd60e41f39e', '2023-08-08 14:55:30', '2023-08-08 14:55:30'),
('d60699c2-a128-4bd8-8da3-e3f0b45ffbb9', 4, 'e42f2e98-aec0-48ae-a6e0-586e0bda3e05', 'f36c610b-f4e6-4a6f-a10d-8197880386e9', '2023-08-08 14:46:02', '2023-08-08 14:46:02'),
('d817527f-f59e-46d5-b3c5-b146e7fd50e1', 3, 'e56263e9-cd10-4bd8-b040-ff550a0d4ba2', '0984872e-0a9f-404c-b035-e992db44c36a', '2023-08-08 14:51:15', '2023-08-08 14:51:15'),
('d92f544d-34eb-4af2-844c-b0d5c14c6179', 4, 'e56263e9-cd10-4bd8-b040-ff550a0d5ba3', '81fca6a2-571f-42e6-9bb8-f917690b50cf', '2023-08-09 08:05:18', '2023-08-09 08:05:18'),
('d9eff02c-e8d6-4e09-b7d9-e48fe6f8f368', 2, 'e56263e9-cd10-4bd8-b040-ff550a0d4ba1', '63d9c9f3-e6aa-46df-a1b0-30ad8e43dcf7', '2023-08-08 14:43:55', '2023-08-08 14:43:55'),
('da093115-4d37-4739-ae9b-7134f3da332e', 4, 'e42f2e98-aec0-48ae-a6e0-586e0bda3e05', 'b52d30cd-8fc5-4734-ab6d-b02212567044', '2023-08-06 14:35:14', '2023-08-06 14:35:14'),
('da8c81bf-21dd-4bbd-8efb-4cee7c942065', 4, 'e56263e9-cd10-4bd8-b040-ff550a0d2ba4', '4e3d87de-5625-4224-bfd4-6b0c6da17c56', '2023-08-08 14:49:51', '2023-08-08 14:49:51'),
('dc8ed784-2406-4208-a964-b18724414263', 4, 'e42f2e98-aec0-48ae-a6e0-586e0bda3e05', '4b7dd324-dac5-43c2-b68a-437926633429', '2023-08-09 07:53:08', '2023-08-09 07:53:08'),
('dd730970-fdeb-4cda-bb9f-79a9db5260ea', 3, 'e42f2e98-aec0-48ae-a6e0-586e0bda3e02', '6a0ad3ce-3fb5-4d1e-bebe-415df0b91b60', '2023-08-08 14:50:24', '2023-08-08 14:50:24'),
('ddcd5ec7-a4cf-4e6b-86b5-bd4acc60535f', 3, 'e56263e9-cd10-4bd8-b040-ff550a0d3ba5', '4e3d87de-5625-4224-bfd4-6b0c6da17c56', '2023-08-08 14:49:56', '2023-08-08 14:49:56'),
('dfe9c383-b834-4c7a-89c9-39172560802e', 3, 'e56263e9-cd10-4bd8-b040-ff550a0d2ba3', '3292cb8e-9d58-4e25-bd96-bba74ded0e93', '2023-08-06 14:34:38', '2023-08-06 14:34:38'),
('e242ac43-18f4-499f-8cf5-fe69dffa6e99', 3, 'e42f2e98-aec0-48ae-a6e0-586e0bda2e02', '8cee41d5-9427-4f0f-b34c-6646f3d983ae', '2023-08-08 14:54:25', '2023-08-08 14:54:25'),
('e25a7c13-f9ee-44d7-849f-3d7e637cd886', 3, 'e42f2e98-aec0-48ae-a6e0-586e0bda2e03', '18506a58-cab9-41ea-a929-8c15a6c31eec', '2023-08-08 14:48:31', '2023-08-08 14:48:31'),
('e506587e-04ec-4895-b301-1dca5a901fe1', 1, 'e42f2e98-aec0-48ae-a6e0-586e0bda3e01', '18506a58-cab9-41ea-a929-8c15a6c31eec', '2023-08-08 14:48:37', '2023-08-08 14:48:37'),
('e5808136-5745-4b5f-a35a-c4bac422b50e', 3, 'e42f2e98-aec0-48ae-a6e0-586e0bda1e02', '18506a58-cab9-41ea-a929-8c15a6c31eec', '2023-08-08 14:48:25', '2023-08-08 14:48:25'),
('e60a19d3-b3e2-4dd8-90f9-ef815d6587bc', 2, 'e56263e9-cd10-4bd8-b040-ff550a0d4ba4', '000f3d12-f286-447b-aede-80da6abbc04c', '2023-08-09 07:51:51', '2023-08-09 07:51:51'),
('e68e3f94-5eb2-4d37-9faf-b84178664f11', 4, 'e42f2e98-aec0-48ae-a6e0-586e0bda1e04', 'e0881f24-7203-4cae-b6b0-1f53b3690048', '2023-08-08 14:44:29', '2023-08-08 14:44:29'),
('e6a26689-111e-4fd7-ba74-98a2d34d3265', 3, 'e56263e9-cd10-4bd8-b040-ff550a0d1ba1', '4e3d87de-5625-4224-bfd4-6b0c6da17c56', '2023-08-08 14:49:45', '2023-08-08 14:49:45'),
('e7272411-0908-465a-b1a6-9d104ca5e842', 3, 'e56263e9-cd10-4bd8-b040-ff550a0d1ba5', 'cecd9a09-5a56-49fa-bc1e-d90fe0acaeb9', '2023-08-08 14:45:24', '2023-08-08 14:45:24'),
('e7dd7447-364e-4fc6-aff8-b55f80eaaa1c', 3, 'e56263e9-cd10-4bd8-b040-ff550a0d2ba3', '63d9c9f3-e6aa-46df-a1b0-30ad8e43dcf7', '2023-08-08 14:43:45', '2023-08-08 14:43:45'),
('e855576c-8607-47ac-9c01-28541aaa0550', 4, 'e56263e9-cd10-4bd8-b040-ff550a0d4ba4', '0984872e-0a9f-404c-b035-e992db44c36a', '2023-08-08 14:51:15', '2023-08-08 14:51:15'),
('e95d678f-68ab-4bfc-b18d-d80aae790687', 4, 'e42f2e98-aec0-48ae-a6e0-586e0bda1e04', 'ea2220d4-e512-4b69-925b-1a8c25b1de8a', '2023-08-08 14:51:30', '2023-08-08 14:51:30'),
('e9ad8fe9-458b-4bb2-9fc6-f246841226c2', 3, 'e56263e9-cd10-4bd8-b040-ff550a0d1ba2', '3292cb8e-9d58-4e25-bd96-bba74ded0e93', '2023-08-06 14:34:23', '2023-08-06 14:34:23'),
('ea5db268-850b-4cba-abf4-1259af6e239b', 4, 'e42f2e98-aec0-48ae-a6e0-586e0bda3e03', '18506a58-cab9-41ea-a929-8c15a6c31eec', '2023-08-08 14:48:38', '2023-08-08 14:48:38'),
('eb3a5d84-69b4-4e26-a7d7-b13a25979ccd', 5, 'e56263e9-cd10-4bd8-b040-ff550a0d4ba4', '3292cb8e-9d58-4e25-bd96-bba74ded0e93', '2023-08-06 14:34:51', '2023-08-06 14:34:51'),
('ec545a5d-e095-44ee-bbe6-3b753ab93817', 5, 'e42f2e98-aec0-48ae-a6e0-586e0bda1e04', '7a0f5778-4abc-4df0-b0c7-6e073269bea0', '2023-08-08 14:55:42', '2023-08-08 14:55:42'),
('ed526f6b-bfa8-418b-8085-e9e488a66477', 4, 'e42f2e98-aec0-48ae-a6e0-586e0bda1e03', 'f1260f45-2959-4fa7-b05e-624d263a55dc', '2023-08-08 14:47:04', '2023-08-08 14:47:04'),
('eda4d56b-d073-4449-8b3a-6f342e137529', 2, 'e42f2e98-aec0-48ae-a6e0-586e0bda1e01', 'b52d30cd-8fc5-4734-ab6d-b02212567044', '2023-08-06 14:35:03', '2023-08-06 14:35:03'),
('edd72835-dc8d-4da6-8850-dbf087764353', 4, 'e56263e9-cd10-4bd8-b040-ff550a0d3ba2', '000f3d12-f286-447b-aede-80da6abbc04c', '2023-08-09 07:48:44', '2023-08-09 07:48:44'),
('ee3dd8d3-a906-40d9-9353-ea1598db29e6', 3, 'e56263e9-cd10-4bd8-b040-ff550a0d5ba2', '63d9c9f3-e6aa-46df-a1b0-30ad8e43dcf7', '2023-08-08 14:44:01', '2023-08-08 14:44:01'),
('ee6aba4b-3aac-45f0-b9ef-cb54f26dc359', 3, 'e42f2e98-aec0-48ae-a6e0-586e0bda2e02', '4b7dd324-dac5-43c2-b68a-437926633429', '2023-08-09 07:52:56', '2023-08-09 07:52:56'),
('eebd54cf-30de-4a1f-994e-26f9d7b0d537', 3, 'e42f2e98-aec0-48ae-a6e0-586e0bda2e01', 'f1260f45-2959-4fa7-b05e-624d263a55dc', '2023-08-08 14:47:08', '2023-08-08 14:47:08'),
('eedb992a-7efc-4053-9a07-a3a33cbebc8a', 3, 'e56263e9-cd10-4bd8-b040-ff550a0d2ba1', '000f3d12-f286-447b-aede-80da6abbc04c', '2023-08-09 07:48:32', '2023-08-09 07:48:32'),
('f0df303d-24c7-4935-8997-96d3da4b1f35', 3, 'e56263e9-cd10-4bd8-b040-ff550a0d5ba1', 'cecd9a09-5a56-49fa-bc1e-d90fe0acaeb9', '2023-08-08 14:45:42', '2023-08-08 14:45:42'),
('f130d47a-f2fa-4333-a1ba-507fed02b02e', 3, 'e42f2e98-aec0-48ae-a6e0-586e0bda1e03', 'f36c610b-f4e6-4a6f-a10d-8197880386e9', '2023-08-08 14:45:49', '2023-08-08 14:45:49'),
('f13a7eb9-bfdf-47cd-ad43-05a6f9196d12', 3, 'e56263e9-cd10-4bd8-b040-ff550a0d5ba1', '3292cb8e-9d58-4e25-bd96-bba74ded0e93', '2023-08-06 14:34:53', '2023-08-06 14:34:53'),
('f14f04b4-5523-48f7-b194-9533be57bb73', 3, 'e42f2e98-aec0-48ae-a6e0-586e0bda1e02', 'ea2220d4-e512-4b69-925b-1a8c25b1de8a', '2023-08-08 14:51:29', '2023-08-08 14:51:29'),
('f2356022-3085-4e0b-92c6-7e4ccc74f6ee', 4, 'e42f2e98-aec0-48ae-a6e0-586e0bda1e04', '8cee41d5-9427-4f0f-b34c-6646f3d983ae', '2023-08-08 14:54:24', '2023-08-08 14:54:24'),
('f2c6ea13-1440-4d5c-a00c-746957129843', 3, 'e56263e9-cd10-4bd8-b040-ff550a0d3ba1', '3292cb8e-9d58-4e25-bd96-bba74ded0e93', '2023-08-06 14:34:44', '2023-08-06 14:34:44'),
('f308f9b4-de8d-41a4-953f-b7714ed44553', 4, 'e56263e9-cd10-4bd8-b040-ff550a0d4ba4', '63d9c9f3-e6aa-46df-a1b0-30ad8e43dcf7', '2023-08-08 14:43:56', '2023-08-08 14:43:56'),
('f31c0188-f983-4863-ad7d-528ce1006243', 4, 'e42f2e98-aec0-48ae-a6e0-586e0bda2e05', 'b52d30cd-8fc5-4734-ab6d-b02212567044', '2023-08-06 14:35:10', '2023-08-06 14:35:10'),
('f4aabc18-0b38-41dc-8ce5-0be4989f7740', 4, 'e42f2e98-aec0-48ae-a6e0-586e0bda2e03', '7a0f5778-4abc-4df0-b0c7-6e073269bea0', '2023-08-08 14:55:44', '2023-08-08 14:55:44'),
('f67456c0-7d14-4ad9-a8e0-5b2d78a0be84', 4, 'e42f2e98-aec0-48ae-a6e0-586e0bda2e04', 'f36c610b-f4e6-4a6f-a10d-8197880386e9', '2023-08-08 14:45:55', '2023-08-08 14:45:55'),
('f6ba9db6-9a90-40ef-b54c-48e565ff9168', 4, 'e56263e9-cd10-4bd8-b040-ff550a0d1ba4', '000f3d12-f286-447b-aede-80da6abbc04c', '2023-08-09 07:48:24', '2023-08-09 07:48:24'),
('f74bae40-dec0-4840-964f-7150231a7c73', 3, 'e42f2e98-aec0-48ae-a6e0-586e0bda1e02', '8cee41d5-9427-4f0f-b34c-6646f3d983ae', '2023-08-08 14:54:24', '2023-08-08 14:54:24'),
('f7635a58-05ad-4ce2-b6e9-7bfa30ce55d6', 3, 'e56263e9-cd10-4bd8-b040-ff550a0d4ba2', '3292cb8e-9d58-4e25-bd96-bba74ded0e93', '2023-08-06 14:34:49', '2023-08-06 14:34:49'),
('f7a2163e-60fe-4dfd-bdfc-c0161f9a7cdd', 3, 'e56263e9-cd10-4bd8-b040-ff550a0d2ba4', '3292cb8e-9d58-4e25-bd96-bba74ded0e93', '2023-08-06 14:34:38', '2023-08-06 14:34:38'),
('f84bbb6c-4fb7-4c4d-af12-82b7b0830c11', 3, 'e42f2e98-aec0-48ae-a6e0-586e0bda1e04', '4b7dd324-dac5-43c2-b68a-437926633429', '2023-08-09 07:52:52', '2023-08-09 07:52:52'),
('fa878e4a-62f7-4263-95e7-3d85c08e3a7d', 3, 'e56263e9-cd10-4bd8-b040-ff550a0d1ba3', '99e8a718-6a5a-49ea-92ed-fa9334e791fc', '2023-08-08 14:47:56', '2023-08-08 14:47:56'),
('fb6cbe8a-fbb5-4fbb-9902-bf943723a346', 3, 'e42f2e98-aec0-48ae-a6e0-586e0bda1e01', 'f1260f45-2959-4fa7-b05e-624d263a55dc', '2023-08-08 14:47:03', '2023-08-08 14:47:03'),
('fc898720-fd99-4ddb-97da-b692a8792dad', 4, 'e56263e9-cd10-4bd8-b040-ff550a0d5ba3', '0984872e-0a9f-404c-b035-e992db44c36a', '2023-08-08 14:51:18', '2023-08-08 14:51:18'),
('fd7dca6a-1357-4f11-810a-e92ccae37946', 4, 'e56263e9-cd10-4bd8-b040-ff550a0d3ba4', '81fca6a2-571f-42e6-9bb8-f917690b50cf', '2023-08-09 08:05:06', '2023-08-09 08:05:06'),
('fe35893c-cdb1-451f-aa31-c7db8a6d7212', 3, 'e56263e9-cd10-4bd8-b040-ff550a0d3ba1', '81fca6a2-571f-42e6-9bb8-f917690b50cf', '2023-08-09 08:05:05', '2023-08-09 08:05:05'),
('ff0d196e-f4d2-46bf-bf4a-65082d157817', 3, 'e56263e9-cd10-4bd8-b040-ff550a0d4ba5', '000f3d12-f286-447b-aede-80da6abbc04c', '2023-08-09 07:51:53', '2023-08-09 07:51:53'),
('ff9da4ec-c7f5-4fee-9c62-554ab5c72a82', 5, 'e56263e9-cd10-4bd8-b040-ff550a0d2ba1', '99e8a718-6a5a-49ea-92ed-fa9334e791fc', '2023-08-08 14:48:02', '2023-08-08 14:48:02'),
('ffc6cb17-cda7-4987-8984-e571c8a14f52', 2, 'e42f2e98-aec0-48ae-a6e0-586e0bda3e01', 'b52d30cd-8fc5-4734-ab6d-b02212567044', '2023-08-06 14:35:13', '2023-08-06 14:35:13');


